arquivo_final,url
1_broca_widea_brasf_ext_lg_10mm_x_330_c3.jpg,https://res.cloudinary.com/df1gquwl9/image/upload/v1765560057/produtos/1_broca_widea_brasf_ext_lg_10mm_x_330_c3.jpg
1_chave_phil_belzer_c_316_x_4.jpg,https://res.cloudinary.com/df1gquwl9/image/upload/v1765560057/produtos/1_chave_phil_belzer_c_316_x_4.jpg
1_resist_orig_l_c_ducha_duoshowe_6800w220v.jpg,https://res.cloudinary.com/df1gquwl9/image/upload/v1765560057/produtos/1_resist_orig_l_c_ducha_duoshowe_6800w220v.jpg
1_paraf_sex_ferro_c_38_x_1_12__jomarca.jpg,https://res.cloudinary.com/df1gquwl9/image/upload/v1765560057/produtos/1_paraf_sex_ferro_c_38_x_1_12__jomarca.jpg
1_paraf_chipboard_chata_phs_3_0_x_16_3113.jpg,https://res.cloudinary.com/df1gquwl9/image/upload/v1765560057/produtos/1_paraf_chipboard_chata_phs_3_0_x_16_3113.jpg
1_torn_cr_alpha_1131_12-34_c23_maq_lav.jpg,https://res.cloudinary.com/df1gquwl9/image/upload/v1765560057/produtos/1_torn_cr_alpha_1131_12-34_c23_maq_lav.jpg
1_cabo_chupeta_pbateria_2_50mt_ptvm_baby.jpg,https://res.cloudinary.com/df1gquwl9/image/upload/v1765560057/produtos/1_cabo_chupeta_pbateria_2_50mt_ptvm_baby.jpg
1_paraf_chipboard_chata_phs_3_5_x_30_3124.jpg,https://res.cloudinary.com/df1gquwl9/image/upload/v1765560057/produtos/1_paraf_chipboard_chata_phs_3_5_x_30_3124.jpg
1_cj_ilum_safira_1int_sim_tom2p_t10a_22200.jpg,https://res.cloudinary.com/df1gquwl9/image/upload/v1765560057/produtos/1_cj_ilum_safira_1int_sim_tom2p_t10a_22200.jpg
1_paraf_chipboard_chata_phs_4_0_x_16_3129.jpg,https://res.cloudinary.com/df1gquwl9/image/upload/v1765560058/produtos/1_paraf_chipboard_chata_phs_4_0_x_16_3129.jpg
1_caixa_pferr_s_bernardo_17_1_cf-42.jpg,https://res.cloudinary.com/df1gquwl9/image/upload/v1765560058/produtos/1_caixa_pferr_s_bernardo_17_1_cf-42.jpg
1_abafador_de_ruidos_pacop_capacet_delta.jpg,https://res.cloudinary.com/df1gquwl9/image/upload/v1765560058/produtos/1_abafador_de_ruidos_pacop_capacet_delta.jpg
1_paraf_auto_brocante_chata_phs_42x19_8664.jpg,https://res.cloudinary.com/df1gquwl9/image/upload/v1765560058/produtos/1_paraf_auto_brocante_chata_phs_42x19_8664.jpg
1_paraf_drywall_gesso_phs_35_x_25__8580.jpg,https://res.cloudinary.com/df1gquwl9/image/upload/v1765560058/produtos/1_paraf_drywall_gesso_phs_35_x_25__8580.jpg
1_caixa_pferr_s_bernardo_11_8_cf-40.jpg,https://res.cloudinary.com/df1gquwl9/image/upload/v1765560058/produtos/1_caixa_pferr_s_bernardo_11_8_cf-40.jpg
1_lixa_norton_massa_100_c50.jpg,https://res.cloudinary.com/df1gquwl9/image/upload/v1765560059/produtos/1_lixa_norton_massa_100_c50.jpg
1_paraf_auto_brocante_chata_phs_42x38_1230.jpg,https://res.cloudinary.com/df1gquwl9/image/upload/v1765560059/produtos/1_paraf_auto_brocante_chata_phs_42x38_1230.jpg
1_ferrox__12_lt.jpg,https://res.cloudinary.com/df1gquwl9/image/upload/v1765560059/produtos/1_ferrox__12_lt.jpg
1_paraf_rosc_maq_phs_b_532_x_38_new_fix.jpg,https://res.cloudinary.com/df1gquwl9/image/upload/v1765560059/produtos/1_paraf_rosc_maq_phs_b_532_x_38_new_fix.jpg
1_luva_esg_corr_plastik__75_x_75_br_sanel.jpg,https://res.cloudinary.com/df1gquwl9/image/upload/v1765560059/produtos/1_luva_esg_corr_plastik__75_x_75_br_sanel.jpg
1_abrac_rsf_rexon9mm_b12x58_1216_c100.jpg,https://res.cloudinary.com/df1gquwl9/image/upload/v1765560059/produtos/1_abrac_rsf_rexon9mm_b12x58_1216_c100.jpg
1_pino_prensa_2p_t_ilumi_gigant_cz_20a1417.jpg,https://res.cloudinary.com/df1gquwl9/image/upload/v1765560059/produtos/1_pino_prensa_2p_t_ilumi_gigant_cz_20a1417.jpg
1_cabo_ferra_machado_garapeira_0_95cm.jpg,https://res.cloudinary.com/df1gquwl9/image/upload/v1765560059/produtos/1_cabo_ferra_machado_garapeira_0_95cm.jpg
1_paraf_rosc_maq_red_d_14_x_3_12_jomarca.jpg,https://res.cloudinary.com/df1gquwl9/image/upload/v1765560059/produtos/1_paraf_rosc_maq_red_d_14_x_3_12_jomarca.jpg
1_cj_ilum_safira_2int_simples_6a_2218.jpg,https://res.cloudinary.com/df1gquwl9/image/upload/v1765560059/produtos/1_cj_ilum_safira_2int_simples_6a_2218.jpg
1_paraf_auto_brocante_chata_phs_42x25_8674.jpg,https://res.cloudinary.com/df1gquwl9/image/upload/v1765560059/produtos/1_paraf_auto_brocante_chata_phs_42x25_8674.jpg
1_saco_alvejado_plimpeza_35x62_ultra.jpg,https://res.cloudinary.com/df1gquwl9/image/upload/v1765560059/produtos/1_saco_alvejado_plimpeza_35x62_ultra.jpg
1_refil_pist_peq_silicone_c1k_em_barra.jpg,https://res.cloudinary.com/df1gquwl9/image/upload/v1765560059/produtos/1_refil_pist_peq_silicone_c1k_em_barra.jpg
1_fio_coaxial_megatron_100mt.jpg,https://res.cloudinary.com/df1gquwl9/image/upload/v1765560059/produtos/1_fio_coaxial_megatron_100mt.jpg
1_fio_cabo_rede_patch_cord_rj568_5m.jpg,https://res.cloudinary.com/df1gquwl9/image/upload/v1765560060/produtos/1_fio_cabo_rede_patch_cord_rj568_5m.jpg
1_barra_rosq_natibi_1mt_poli_d_38___nc__.jpg,https://res.cloudinary.com/df1gquwl9/image/upload/v1765560060/produtos/1_barra_rosq_natibi_1mt_poli_d_38___nc__.jpg
1_vassourao_gari_prof_40cm_cc_odim_384.jpg,https://res.cloudinary.com/df1gquwl9/image/upload/v1765560060/produtos/1_vassourao_gari_prof_40cm_cc_odim_384.jpg
1_paraf_chipboard_chata_phs_3_5_x_16_3120.jpg,https://res.cloudinary.com/df1gquwl9/image/upload/v1765560060/produtos/1_paraf_chipboard_chata_phs_3_5_x_16_3120.jpg
1_espac_pisoaz_rosca_3_0mm_compel_c100.jpg,https://res.cloudinary.com/df1gquwl9/image/upload/v1765560060/produtos/1_espac_pisoaz_rosca_3_0mm_compel_c100.jpg
1_barra_rosq_jomarca_1mt_zinc_c_516__nc_.jpg,https://res.cloudinary.com/df1gquwl9/image/upload/v1765560060/produtos/1_barra_rosq_jomarca_1mt_zinc_c_516__nc_.jpg
1_braco_pchuv_plast_artplas_40cm.jpg,https://res.cloudinary.com/df1gquwl9/image/upload/v1765560060/produtos/1_braco_pchuv_plast_artplas_40cm.jpg
1_barra_rosq_jomarca_1mt_zinc_a_316__nc__.jpg,https://res.cloudinary.com/df1gquwl9/image/upload/v1765560060/produtos/1_barra_rosq_jomarca_1mt_zinc_a_316__nc__.jpg
1_serrote_eda_profissional_20_cb_emborr.jpg,https://res.cloudinary.com/df1gquwl9/image/upload/v1765560060/produtos/1_serrote_eda_profissional_20_cb_emborr.jpg
1_lixa_doblea_ferro_280_c25.jpg,https://res.cloudinary.com/df1gquwl9/image/upload/v1765560061/produtos/1_lixa_doblea_ferro_280_c25.jpg
1_fita_isol_l_c_20_mts_tubo.jpg,https://res.cloudinary.com/df1gquwl9/image/upload/v1765560061/produtos/1_fita_isol_l_c_20_mts_tubo.jpg
1_espac_pisoaz_rosca_1_0mm_compel_c100.jpg,https://res.cloudinary.com/df1gquwl9/image/upload/v1765560061/produtos/1_espac_pisoaz_rosca_1_0mm_compel_c100.jpg
1_varal_pteto_renovar_1_40_6388_alum.jpg,https://res.cloudinary.com/df1gquwl9/image/upload/v1765560061/produtos/1_varal_pteto_renovar_1_40_6388_alum.jpg
1_otto_b_fit_ades_pvedac_20cmx10m_vedacit.jpg,https://res.cloudinary.com/df1gquwl9/image/upload/v1765560061/produtos/1_otto_b_fit_ades_pvedac_20cmx10m_vedacit.jpg
1_controle_remoto_tv_univ_lcd_philips_9893.jpg,https://res.cloudinary.com/df1gquwl9/image/upload/v1765560061/produtos/1_controle_remoto_tv_univ_lcd_philips_9893.jpg
1_paraf_auto_brocante_chata_phs_39x19_3921.jpg,https://res.cloudinary.com/df1gquwl9/image/upload/v1765560062/produtos/1_paraf_auto_brocante_chata_phs_39x19_3921.jpg
1_cj_ilum_safira_1tom_2p_t_10a_22140.jpg,https://res.cloudinary.com/df1gquwl9/image/upload/v1765560062/produtos/1_cj_ilum_safira_1tom_2p_t_10a_22140.jpg
1_espac_pisoaz_nivelam_2_0mm_cortag_c50_-_.jpg,https://res.cloudinary.com/df1gquwl9/image/upload/v1765560061/produtos/1_espac_pisoaz_nivelam_2_0mm_cortag_c50_-_.jpg
1_canton_mao_franc_r_c_a__forte_br_40cm.jpg,https://res.cloudinary.com/df1gquwl9/image/upload/v1765560062/produtos/1_canton_mao_franc_r_c_a__forte_br_40cm.jpg
1_pino_macho_tramont_czbr_401001002_nbr.jpg,https://res.cloudinary.com/df1gquwl9/image/upload/v1765560062/produtos/1_pino_macho_tramont_czbr_401001002_nbr.jpg
1_braco_pchuv_plast_artplas_30cm.jpg,https://res.cloudinary.com/df1gquwl9/image/upload/v1765560062/produtos/1_braco_pchuv_plast_artplas_30cm.jpg
1_cabo_ferra_ppa_garapeira_1mt_forte.jpg,https://res.cloudinary.com/df1gquwl9/image/upload/v1765560062/produtos/1_cabo_ferra_ppa_garapeira_1mt_forte.jpg
1_desemp_aco_dente_12_400m_castor_cb_ab425.jpg,https://res.cloudinary.com/df1gquwl9/image/upload/v1765560062/produtos/1_desemp_aco_dente_12_400m_castor_cb_ab425.jpg
1_lumi_alet_compl_2x20_br_biv_lumiartblum.jpg,https://res.cloudinary.com/df1gquwl9/image/upload/v1765560062/produtos/1_lumi_alet_compl_2x20_br_biv_lumiartblum.jpg
1_suporte_brasforma_fixo_lcd_10_a_100.jpg,https://res.cloudinary.com/df1gquwl9/image/upload/v1765560062/produtos/1_suporte_brasforma_fixo_lcd_10_a_100.jpg
1_paraf_chipboard_chata_phs_5_0_x_30_3149.jpg,https://res.cloudinary.com/df1gquwl9/image/upload/v1765560063/produtos/1_paraf_chipboard_chata_phs_5_0_x_30_3149.jpg
1_varal_autom_secalux_c4_1mt_rotoflex.jpg,https://res.cloudinary.com/df1gquwl9/image/upload/v1765560063/produtos/1_varal_autom_secalux_c4_1mt_rotoflex.jpg
1_luva_azul_fortlev_34_x_12.jpg,https://res.cloudinary.com/df1gquwl9/image/upload/v1765560063/produtos/1_luva_azul_fortlev_34_x_12.jpg
1_barra_rosq_natibi_1mt_zinc_c_516__nc_.jpg,https://res.cloudinary.com/df1gquwl9/image/upload/v1765560063/produtos/1_barra_rosq_natibi_1mt_zinc_c_516__nc_.jpg
1_ponteiro_aco_socios_gz_34_x_12__dz.jpg,https://res.cloudinary.com/df1gquwl9/image/upload/v1765560063/produtos/1_ponteiro_aco_socios_gz_34_x_12__dz.jpg
1_luva__sanro_forrada_verde_m_2_.jpg,https://res.cloudinary.com/df1gquwl9/image/upload/v1765560064/produtos/1_luva__sanro_forrada_verde_m_2_.jpg
1_alic_bico_12_cana_6_hammer_7100.jpg,https://res.cloudinary.com/df1gquwl9/image/upload/v1765560063/produtos/1_alic_bico_12_cana_6_hammer_7100.jpg
1_modulo_tramonti_1tom_2p_t_20a_br_032038.jpg,https://res.cloudinary.com/df1gquwl9/image/upload/v1765560063/produtos/1_modulo_tramonti_1tom_2p_t_20a_br_032038.jpg
1_paraf_rosc_maq_phs_c_316_x_12_new_fix.jpg,https://res.cloudinary.com/df1gquwl9/image/upload/v1765560064/produtos/1_paraf_rosc_maq_phs_c_316_x_12_new_fix.jpg
1_espac_pisoaz_rosca_1_5mm_compel_c100.jpg,https://res.cloudinary.com/df1gquwl9/image/upload/v1765560064/produtos/1_espac_pisoaz_rosca_1_5mm_compel_c100.jpg
1_esp_mec_tronic_petra_4x2_1mod_82001h.jpg,https://res.cloudinary.com/df1gquwl9/image/upload/v1765560064/produtos/1_esp_mec_tronic_petra_4x2_1mod_82001h.jpg
1_abrac_nylon_brasfort_200x2_5_am_c50.jpg,https://res.cloudinary.com/df1gquwl9/image/upload/v1765560064/produtos/1_abrac_nylon_brasfort_200x2_5_am_c50.jpg
1_chave_phil_tram__d__14_x_4.jpg,https://res.cloudinary.com/df1gquwl9/image/upload/v1765560064/produtos/1_chave_phil_tram__d__14_x_4.jpg
1_torn_bica_m_cfiltro_herc_br_2880.jpg,https://res.cloudinary.com/df1gquwl9/image/upload/v1765560064/produtos/1_torn_bica_m_cfiltro_herc_br_2880.jpg
1_cj_mec_tronic_petra_1simp_10a_81077v.jpg,https://res.cloudinary.com/df1gquwl9/image/upload/v1765560069/produtos/1_cj_mec_tronic_petra_1simp_10a_81077v.jpg
1_ext_danev_sort_2p_t_pp_0_75_3mt_1786.jpg,https://res.cloudinary.com/df1gquwl9/image/upload/v1765560064/produtos/1_ext_danev_sort_2p_t_pp_0_75_3mt_1786.jpg
1_canton_pmoveis_zamar_bicrom_1_12_c50.jpg,https://res.cloudinary.com/df1gquwl9/image/upload/v1765560064/produtos/1_canton_pmoveis_zamar_bicrom_1_12_c50.jpg
1_caixa_d_agua_polietileno_fortlev__100l.jpg,https://res.cloudinary.com/df1gquwl9/image/upload/v1765560065/produtos/1_caixa_d_agua_polietileno_fortlev__100l.jpg
1_abrac_rsf_rexon9mm_j2_14x3_5776_c50.jpg,https://res.cloudinary.com/df1gquwl9/image/upload/v1765560064/produtos/1_abrac_rsf_rexon9mm_j2_14x3_5776_c50.jpg
1_alic_rebit_4_bicos_vonder_r-244.jpg,https://res.cloudinary.com/df1gquwl9/image/upload/v1765560065/produtos/1_alic_rebit_4_bicos_vonder_r-244.jpg
1_ext_techna__pl_0_75__3mt_pt.jpg,https://res.cloudinary.com/df1gquwl9/image/upload/v1765560065/produtos/1_ext_techna__pl_0_75__3mt_pt.jpg
1_chave_phil_tram__f__14_x_6.jpg,https://res.cloudinary.com/df1gquwl9/image/upload/v1765560065/produtos/1_chave_phil_tram__f__14_x_6.jpg
1_lixa_norton_ferro_100_c25.jpg,https://res.cloudinary.com/df1gquwl9/image/upload/v1765560065/produtos/1_lixa_norton_ferro_100_c25.jpg
1_formao_pacetta_f_34.jpg,https://res.cloudinary.com/df1gquwl9/image/upload/v1765560065/produtos/1_formao_pacetta_f_34.jpg
1_tubo_ligacao_abs_cr_1_12_sanf_censi.jpg,https://res.cloudinary.com/df1gquwl9/image/upload/v1765560065/produtos/1_tubo_ligacao_abs_cr_1_12_sanf_censi.jpg
1_cabo_ferra_picareta_garapeira_0_95cm.jpg,https://res.cloudinary.com/df1gquwl9/image/upload/v1765560065/produtos/1_cabo_ferra_picareta_garapeira_0_95cm.jpg
1_refil_pist_gd_silicone_c1k_em_barra.jpg,https://res.cloudinary.com/df1gquwl9/image/upload/v1765560066/produtos/1_refil_pist_gd_silicone_c1k_em_barra.jpg
1_abrac_rsf_rexon_9mm_c12x34_1319_c100.jpg,https://res.cloudinary.com/df1gquwl9/image/upload/v1765560066/produtos/1_abrac_rsf_rexon_9mm_c12x34_1319_c100.jpg
1_spray_chemicolor_alta_temp_pt_fosco_315m.jpg,https://res.cloudinary.com/df1gquwl9/image/upload/v1765560066/produtos/1_spray_chemicolor_alta_temp_pt_fosco_315m.jpg
1_tampa_pcaixa_d_agua_poli_fortlev__500l.jpg,https://res.cloudinary.com/df1gquwl9/image/upload/v1765560066/produtos/1_tampa_pcaixa_d_agua_poli_fortlev__500l.jpg
1_aspir_de_po_wap_auto_12v.jpg,https://res.cloudinary.com/df1gquwl9/image/upload/v1765560066/produtos/1_aspir_de_po_wap_auto_12v.jpg
1_lamp_comp_25w_127v_3u_luz_br_ourolux.jpg,https://res.cloudinary.com/df1gquwl9/image/upload/v1765560066/produtos/1_lamp_comp_25w_127v_3u_luz_br_ourolux.jpg
1_paraf_chipboard_chata_phs_5_0_x_45_3152.jpg,https://res.cloudinary.com/df1gquwl9/image/upload/v1765560066/produtos/1_paraf_chipboard_chata_phs_5_0_x_45_3152.jpg
1_serrote_irwin_gessodrywall_cb_mad.jpg,https://res.cloudinary.com/df1gquwl9/image/upload/v1765560066/produtos/1_serrote_irwin_gessodrywall_cb_mad.jpg
1_alic_ppisoaz_pnivelamento_deplast.jpg,https://res.cloudinary.com/df1gquwl9/image/upload/v1765560066/produtos/1_alic_ppisoaz_pnivelamento_deplast.jpg
1_cond_corrugado_preto_d_1_r50.jpg,https://res.cloudinary.com/df1gquwl9/image/upload/v1765560067/produtos/1_cond_corrugado_preto_d_1_r50.jpg
1_caixa_d_agua_polietileno_fortlev__250l.jpg,https://res.cloudinary.com/df1gquwl9/image/upload/v1765560067/produtos/1_caixa_d_agua_polietileno_fortlev__250l.jpg
1_caixa_sif_fortlev_qua_br_10_x_10_x_50.jpg,https://res.cloudinary.com/df1gquwl9/image/upload/v1765560067/produtos/1_caixa_sif_fortlev_qua_br_10_x_10_x_50.jpg
1_paraf_chipboard_chata_phs_3_5_x_35_3125.jpg,https://res.cloudinary.com/df1gquwl9/image/upload/v1765560067/produtos/1_paraf_chipboard_chata_phs_3_5_x_35_3125.jpg
1_paraf_auto_brocan_sex__4_2_x_13_3306.jpg,https://res.cloudinary.com/df1gquwl9/image/upload/v1765560067/produtos/1_paraf_auto_brocan_sex__4_2_x_13_3306.jpg
1_lumi_alet_compl_2x20_pt_biv_lumiartblum.jpg,https://res.cloudinary.com/df1gquwl9/image/upload/v1765560067/produtos/1_lumi_alet_compl_2x20_pt_biv_lumiartblum.jpg
1_esp_tramontina_lux_4x4_4int_57105026.jpg,https://res.cloudinary.com/df1gquwl9/image/upload/v1765560067/produtos/1_esp_tramontina_lux_4x4_4int_57105026.jpg
1_barra_rosq_jomarca_1mt_zinc_b_14__nc_.jpg,https://res.cloudinary.com/df1gquwl9/image/upload/v1765560067/produtos/1_barra_rosq_jomarca_1mt_zinc_b_14__nc_.jpg
1_abrac_tipo_u_j_4_c50_j_f_metais.jpg,https://res.cloudinary.com/df1gquwl9/image/upload/v1765560067/produtos/1_abrac_tipo_u_j_4_c50_j_f_metais.jpg
1_paraf_frances_b_14_x_2.jpg,https://res.cloudinary.com/df1gquwl9/image/upload/v1765560067/produtos/1_paraf_frances_b_14_x_2.jpg
1_canton_mao_franc_r_c_a_leve_br_20cm.jpg,https://res.cloudinary.com/df1gquwl9/image/upload/v1765560068/produtos/1_canton_mao_franc_r_c_a_leve_br_20cm.jpg
1_modulo_mec_tronic_petra_1int_simp_80043.jpg,https://res.cloudinary.com/df1gquwl9/image/upload/v1765560068/produtos/1_modulo_mec_tronic_petra_1int_simp_80043.jpg
1_regua_alum_45_x_20mm_2mt_bi-tubular.jpg,https://res.cloudinary.com/df1gquwl9/image/upload/v1765560068/produtos/1_regua_alum_45_x_20mm_2mt_bi-tubular.jpg
1_cj_ilum_safira_1int_sim_6a_2217.jpg,https://res.cloudinary.com/df1gquwl9/image/upload/v1765560068/produtos/1_cj_ilum_safira_1int_sim_6a_2217.jpg
1_cabo_ferra_marreta_madeirite_30cm_leve.jpg,https://res.cloudinary.com/df1gquwl9/image/upload/v1765560068/produtos/1_cabo_ferra_marreta_madeirite_30cm_leve.jpg
1_vent_de_mesa_30cm_ptcz_127v_turbo_vent.jpg,https://res.cloudinary.com/df1gquwl9/image/upload/v1765560068/produtos/1_vent_de_mesa_30cm_ptcz_127v_turbo_vent.jpg
1_fio_cabo_pinf_patch_cord_rj568_2_10m_in.jpg,https://res.cloudinary.com/df1gquwl9/image/upload/v1765560068/produtos/1_fio_cabo_pinf_patch_cord_rj568_2_10m_in.jpg
1_cj_ilum_safira_2tom_2p_t_20a_22121.jpg,https://res.cloudinary.com/df1gquwl9/image/upload/v1765560068/produtos/1_cj_ilum_safira_2tom_2p_t_20a_22121.jpg
1_disco_corte_itambe_ferro_a_4_38x20m_2t.jpg,https://res.cloudinary.com/df1gquwl9/image/upload/v1765560069/produtos/1_disco_corte_itambe_ferro_a_4_38x20m_2t.jpg
1_paraf_chipboard_chata_phs_4_5_x_45_4844.jpg,https://res.cloudinary.com/df1gquwl9/image/upload/v1765560069/produtos/1_paraf_chipboard_chata_phs_4_5_x_45_4844.jpg
1_alic_corte_diag_6_fx_ac_foxlux.jpg,https://res.cloudinary.com/df1gquwl9/image/upload/v1765560069/produtos/1_alic_corte_diag_6_fx_ac_foxlux.jpg
1_paraf_chipboard_chata_phs_5_0_x_50_3153.jpg,https://res.cloudinary.com/df1gquwl9/image/upload/v1765560069/produtos/1_paraf_chipboard_chata_phs_5_0_x_50_3153.jpg
1_pino_adap_2p_t_robusto_ilumi_20a_br14360.jpg,https://res.cloudinary.com/df1gquwl9/image/upload/v1765560069/produtos/1_pino_adap_2p_t_robusto_ilumi_20a_br14360.jpg
1_esp_tramontina_lux_4x2_3int_57105007.jpg,https://res.cloudinary.com/df1gquwl9/image/upload/v1765560069/produtos/1_esp_tramontina_lux_4x2_3int_57105007.jpg
1_barra_rosq_natibi_1mt_zinc_c_38__nc_.jpg,https://res.cloudinary.com/df1gquwl9/image/upload/v1765560070/produtos/1_barra_rosq_natibi_1mt_zinc_c_38__nc_.jpg
1_barra_rosq_natibi_1mt_zinc_f_12__ww_.jpg,https://res.cloudinary.com/df1gquwl9/image/upload/v1765560069/produtos/1_barra_rosq_natibi_1mt_zinc_f_12__ww_.jpg
1_cj_ilum_safira_2int_sim_tom2p_t10a_22210.jpg,https://res.cloudinary.com/df1gquwl9/image/upload/v1765560069/produtos/1_cj_ilum_safira_2int_sim_tom2p_t10a_22210.jpg
1_cabo_ferra_martelo_madeirite_54_cm_leve.jpg,https://res.cloudinary.com/df1gquwl9/image/upload/v1765560070/produtos/1_cabo_ferra_martelo_madeirite_54_cm_leve.jpg
1_paraf_chipboard_chata_phs_3_5_x_22_3122.jpg,https://res.cloudinary.com/df1gquwl9/image/upload/v1765560070/produtos/1_paraf_chipboard_chata_phs_3_5_x_22_3122.jpg
1_juncao_esgoto_plastilit_100_x_50_br.jpg,https://res.cloudinary.com/df1gquwl9/image/upload/v1765560070/produtos/1_juncao_esgoto_plastilit_100_x_50_br.jpg
1_torn_b_m_cfiltro_acquabios_pt_quadriset.jpg,https://res.cloudinary.com/df1gquwl9/image/upload/v1765560070/produtos/1_torn_b_m_cfiltro_acquabios_pt_quadriset.jpg
1_torn_alpha_pia_par_gourmet_1168_flex_pt.jpg,https://res.cloudinary.com/df1gquwl9/image/upload/v1765560070/produtos/1_torn_alpha_pia_par_gourmet_1168_flex_pt.jpg
1_cinto_segur_paraqued_c2ponto_xg_delta.jpg,https://res.cloudinary.com/df1gquwl9/image/upload/v1765560070/produtos/1_cinto_segur_paraqued_c2ponto_xg_delta.jpg
1_serra_circ_widea_hammer_4_38x36x20.jpg,https://res.cloudinary.com/df1gquwl9/image/upload/v1765560070/produtos/1_serra_circ_widea_hammer_4_38x36x20.jpg
1_modulo_mec_tronic_petra_1tom_10a_br_9016.jpg,https://res.cloudinary.com/df1gquwl9/image/upload/v1765560070/produtos/1_modulo_mec_tronic_petra_1tom_10a_br_9016.jpg
1_anunciador_de_pres__alc_8mt_l09_multicra.jpg,https://res.cloudinary.com/df1gquwl9/image/upload/v1765560071/produtos/1_anunciador_de_pres__alc_8mt_l09_multicra.jpg
1_capa_de_chuva_forrada_brascamp_am_g_2_.jpg,https://res.cloudinary.com/df1gquwl9/image/upload/v1765560071/produtos/1_capa_de_chuva_forrada_brascamp_am_g_2_.jpg
1_ant_ext_uhfhdtv_dig-log_sinal_fort_14e.jpg,https://res.cloudinary.com/df1gquwl9/image/upload/v1765560071/produtos/1_ant_ext_uhfhdtv_dig-log_sinal_fort_14e.jpg
1_canton_pmoveis_zamar_bicrom_2_12_c25.jpg,https://res.cloudinary.com/df1gquwl9/image/upload/v1765560071/produtos/1_canton_pmoveis_zamar_bicrom_2_12_c25.jpg
1_paraf_auto_brocante_chata_phs_42x16_4669.jpg,https://res.cloudinary.com/df1gquwl9/image/upload/v1765560071/produtos/1_paraf_auto_brocante_chata_phs_42x16_4669.jpg
1_esp_mec_tronic_petra_4x2_2mod_dist_82004.jpg,https://res.cloudinary.com/df1gquwl9/image/upload/v1765560071/produtos/1_esp_mec_tronic_petra_4x2_2mod_dist_82004.jpg
1_paraf_chipboard_chata_phs_6_0_x_60_5611.jpg,https://res.cloudinary.com/df1gquwl9/image/upload/v1765560073/produtos/1_paraf_chipboard_chata_phs_6_0_x_60_5611.jpg
1_balde_pvc_zumplast_preto_12lt_alca_polip.jpg,https://res.cloudinary.com/df1gquwl9/image/upload/v1765560072/produtos/1_balde_pvc_zumplast_preto_12lt_alca_polip.jpg
1_barra_rosq_jomarca_1mt_zinc_d_38__nc_.jpg,https://res.cloudinary.com/df1gquwl9/image/upload/v1765560072/produtos/1_barra_rosq_jomarca_1mt_zinc_d_38__nc_.jpg
1_paraf_auto_brocante_chata_phs_42x13_9131.jpg,https://res.cloudinary.com/df1gquwl9/image/upload/v1765560071/produtos/1_paraf_auto_brocante_chata_phs_42x13_9131.jpg
1_fio_nylon_3_0mm10m_pcort_brasf_7536.jpg,https://res.cloudinary.com/df1gquwl9/image/upload/v1765560072/produtos/1_fio_nylon_3_0mm10m_pcort_brasf_7536.jpg
1_paraf_chipboard_chata_phs_5_0_x_60_3154.jpg,https://res.cloudinary.com/df1gquwl9/image/upload/v1765560072/produtos/1_paraf_chipboard_chata_phs_5_0_x_60_3154.jpg
1_paraf_auto_brocan_sex__4_2_x_16_5871.jpg,https://res.cloudinary.com/df1gquwl9/image/upload/v1765560072/produtos/1_paraf_auto_brocan_sex__4_2_x_16_5871.jpg
1_chuveiro_frio_compl_pq_branco_luconi.jpg,https://res.cloudinary.com/df1gquwl9/image/upload/v1765560072/produtos/1_chuveiro_frio_compl_pq_branco_luconi.jpg
1_furad_b_d_impacto_38_220v_tm500_560w.jpg,https://res.cloudinary.com/df1gquwl9/image/upload/v1765560072/produtos/1_furad_b_d_impacto_38_220v_tm500_560w.jpg
1_barra_rosq_multi_1mt_zinc_d_38__nc_.jpg,https://res.cloudinary.com/df1gquwl9/image/upload/v1765560073/produtos/1_barra_rosq_multi_1mt_zinc_d_38__nc_.jpg
1_otto_b_bianco_a_pote_900g.jpg,https://res.cloudinary.com/df1gquwl9/image/upload/v1765560073/produtos/1_otto_b_bianco_a_pote_900g.jpg
