arquivo,url_cloudinary
1_FECHAD_SOPRANO_ESTREITA_0520_18.jpg,"https://res.cloudinary.com/dbpq32fiq/image/upload/f_auto,q_auto/v1764168372/imagens_otimizadas_marketplace/1_FECHAD_SOPRANO_ESTREITA_0520_18.jpg"
1_ADAP_CURTO_PLASTILIT_E_1.1_2_MARROM.jpg,"https://res.cloudinary.com/dbpq32fiq/image/upload/f_auto,q_auto/v1764168373/imagens_otimizadas_marketplace/1_ADAP_CURTO_PLASTILIT_E_1.1_2_MARROM.jpg"
3_DESEMP_ACO_RASPADEIRA_14X24_CASTOR.jpg,"https://res.cloudinary.com/dbpq32fiq/image/upload/f_auto,q_auto/v1764168375/imagens_otimizadas_marketplace/3_DESEMP_ACO_RASPADEIRA_14X24_CASTOR.jpg"
2_ESTOPA_P_USO_GERAL_200G_PAULICEIA.jpg,"https://res.cloudinary.com/dbpq32fiq/image/upload/f_auto,q_auto/v1764168377/imagens_otimizadas_marketplace/2_ESTOPA_P_USO_GERAL_200G_PAULICEIA.jpg"
1_MASSA_PLASTICA_400GR_CARPLAST_PRETA.jpg,"https://res.cloudinary.com/dbpq32fiq/image/upload/f_auto,q_auto/v1764168379/imagens_otimizadas_marketplace/1_MASSA_PLASTICA_400GR_CARPLAST_PRETA.jpg"
3_CABO_FERRA.P_PA_GARAPEIRA_1MT_FORTE.jpg,"https://res.cloudinary.com/dbpq32fiq/image/upload/f_auto,q_auto/v1764168380/imagens_otimizadas_marketplace/3_CABO_FERRA.P_PA_GARAPEIRA_1MT_FORTE.jpg"
3_BOMBA_DE_AR_PEDAL_BRASFORT_8406.jpg,"https://res.cloudinary.com/dbpq32fiq/image/upload/f_auto,q_auto/v1764168384/imagens_otimizadas_marketplace/3_BOMBA_DE_AR_PEDAL_BRASFORT_8406.jpg"
2_NIVEL_BASE_MAGNET_BRASFORT_14__8177.jpg,"https://res.cloudinary.com/dbpq32fiq/image/upload/f_auto,q_auto/v1764168385/imagens_otimizadas_marketplace/2_NIVEL_BASE_MAGNET_BRASFORT_14__8177.jpg"
3_DOBRAD_SILVANA_POLIDA_850X4_____C_24_569.jpg,"https://res.cloudinary.com/dbpq32fiq/image/upload/f_auto,q_auto/v1764168387/imagens_otimizadas_marketplace/3_DOBRAD_SILVANA_POLIDA_850X4_____C_24_569.jpg"
2_PARAF_SEX.FERRO_A_1_4_X_3_4_JOMARCA.jpg,"https://res.cloudinary.com/dbpq32fiq/image/upload/f_auto,q_auto/v1764168388/imagens_otimizadas_marketplace/2_PARAF_SEX.FERRO_A_1_4_X_3_4_JOMARCA.jpg"
1_LIXA_NORTON_FERRO_100_C_25.jpg,"https://res.cloudinary.com/dbpq32fiq/image/upload/f_auto,q_auto/v1764168389/imagens_otimizadas_marketplace/1_LIXA_NORTON_FERRO_100_C_25.jpg"
2_PREGO_TELHEIRO_JOMARCA_18X27_1_2K_C_ACES.jpg,"https://res.cloudinary.com/dbpq32fiq/image/upload/f_auto,q_auto/v1764168390/imagens_otimizadas_marketplace/2_PREGO_TELHEIRO_JOMARCA_18X27_1_2K_C_ACES.jpg"
2_AMPERIMETRO_DIGITAL_BRASFORT_8559.jpg,"https://res.cloudinary.com/dbpq32fiq/image/upload/f_auto,q_auto/v1764168391/imagens_otimizadas_marketplace/2_AMPERIMETRO_DIGITAL_BRASFORT_8559.jpg"
3_LIXA_TATU_GK_FERRO___60_C_25.jpg,"https://res.cloudinary.com/dbpq32fiq/image/upload/f_auto,q_auto/v1764168392/imagens_otimizadas_marketplace/3_LIXA_TATU_GK_FERRO___60_C_25.jpg"
3_ALIC_CORTE_DIAG_6_FX_AC_FOXLUX.jpg,"https://res.cloudinary.com/dbpq32fiq/image/upload/f_auto,q_auto/v1764168393/imagens_otimizadas_marketplace/3_ALIC_CORTE_DIAG_6_FX_AC_FOXLUX.jpg"
2_PORTA_SANF_PERLEX_0.72X2.10_CINZA.jpg,"https://res.cloudinary.com/dbpq32fiq/image/upload/f_auto,q_auto/v1764168394/imagens_otimizadas_marketplace/2_PORTA_SANF_PERLEX_0.72X2.10_CINZA.jpg"
3_COLHER_BRASFORT_CANTO_RETO_-_09.jpg,"https://res.cloudinary.com/dbpq32fiq/image/upload/f_auto,q_auto/v1764168395/imagens_otimizadas_marketplace/3_COLHER_BRASFORT_CANTO_RETO_-_09.jpg"
2_PRUMO_DE_ACO_RAMADA_3_-_500_GRS.jpg,"https://res.cloudinary.com/dbpq32fiq/image/upload/f_auto,q_auto/v1764168396/imagens_otimizadas_marketplace/2_PRUMO_DE_ACO_RAMADA_3_-_500_GRS.jpg"
3_LIXA_TATU_GK_FERRO__240_C_25.jpg,"https://res.cloudinary.com/dbpq32fiq/image/upload/f_auto,q_auto/v1764168398/imagens_otimizadas_marketplace/3_LIXA_TATU_GK_FERRO__240_C_25.jpg"
1_PORTA_SANF_PERLEX_0.84X2.10_BEGE.jpg,"https://res.cloudinary.com/dbpq32fiq/image/upload/f_auto,q_auto/v1764168399/imagens_otimizadas_marketplace/1_PORTA_SANF_PERLEX_0.84X2.10_BEGE.jpg"
1_LUVA_ESGOTO_PLASTILIT__75_X_75_BR.jpg,"https://res.cloudinary.com/dbpq32fiq/image/upload/f_auto,q_auto/v1764168400/imagens_otimizadas_marketplace/1_LUVA_ESGOTO_PLASTILIT__75_X_75_BR.jpg"
1_PARAF_SEX.ROS.SOBERBA_1_4_X_60.jpg,"https://res.cloudinary.com/dbpq32fiq/image/upload/f_auto,q_auto/v1764168402/imagens_otimizadas_marketplace/1_PARAF_SEX.ROS.SOBERBA_1_4_X_60.jpg"
2_CENTRI_TAF_PVC_12_16_DISJ_BR_FUME_EMB.jpg,"https://res.cloudinary.com/dbpq32fiq/image/upload/f_auto,q_auto/v1764168403/imagens_otimizadas_marketplace/2_CENTRI_TAF_PVC_12_16_DISJ_BR_FUME_EMB.jpg"
3_ZARCAO_NATRIELLI_CINZA_1_4.jpg,"https://res.cloudinary.com/dbpq32fiq/image/upload/f_auto,q_auto/v1764168404/imagens_otimizadas_marketplace/3_ZARCAO_NATRIELLI_CINZA_1_4.jpg"
1_ESMALTE_1_4_SINTET._EUCALAR_CZ.ESCURO.jpg,"https://res.cloudinary.com/dbpq32fiq/image/upload/f_auto,q_auto/v1764168405/imagens_otimizadas_marketplace/1_ESMALTE_1_4_SINTET._EUCALAR_CZ.ESCURO.jpg"
2_DISCO_DIAM_IRWIN_TURBO_13893.jpg,"https://res.cloudinary.com/dbpq32fiq/image/upload/f_auto,q_auto/v1764168407/imagens_otimizadas_marketplace/2_DISCO_DIAM_IRWIN_TURBO_13893.jpg"
2_ESCOVA_ACO_C_CABO_PLAST.ATLAS_1840_3.jpg,"https://res.cloudinary.com/dbpq32fiq/image/upload/f_auto,q_auto/v1764168408/imagens_otimizadas_marketplace/2_ESCOVA_ACO_C_CABO_PLAST.ATLAS_1840_3.jpg"
3_CHUMB_ACO_ANCORA_CBA_1_4_X_3_C_PARF_PROL.jpg,"https://res.cloudinary.com/dbpq32fiq/image/upload/f_auto,q_auto/v1764168410/imagens_otimizadas_marketplace/3_CHUMB_ACO_ANCORA_CBA_1_4_X_3_C_PARF_PROL.jpg"
1_BROXA_TIGRE_RETANGULAR_PVC_PT_1199_2.jpg,"https://res.cloudinary.com/dbpq32fiq/image/upload/f_auto,q_auto/v1764168411/imagens_otimizadas_marketplace/1_BROXA_TIGRE_RETANGULAR_PVC_PT_1199_2.jpg"
1_FECHO_P_CADEADO_INCA_3_DZ.jpg,"https://res.cloudinary.com/dbpq32fiq/image/upload/f_auto,q_auto/v1764168412/imagens_otimizadas_marketplace/1_FECHO_P_CADEADO_INCA_3_DZ.jpg"
"3_ENXADA_MAX_2,5_ESTREITA_C_C_45250.jpg","https://res.cloudinary.com/dbpq32fiq/image/upload/f_auto,q_auto/v1764168414/imagens_otimizadas_marketplace/3_ENXADA_MAX_2_5_ESTREITA_C_C_45250.jpg"
"3_BROCA_IRWIN_ACO_RAPIDO___2,5MM.jpg","https://res.cloudinary.com/dbpq32fiq/image/upload/f_auto,q_auto/v1764168414/imagens_otimizadas_marketplace/3_BROCA_IRWIN_ACO_RAPIDO___2_5MM.jpg"
3_RESIST.HYDRA_MEGA_DUCHA_6400W_220.jpg,"https://res.cloudinary.com/dbpq32fiq/image/upload/f_auto,q_auto/v1764168415/imagens_otimizadas_marketplace/3_RESIST.HYDRA_MEGA_DUCHA_6400W_220.jpg"
1_NIPLE_PLASTILIT_RR_1_2_X_1_2_BR.jpg,"https://res.cloudinary.com/dbpq32fiq/image/upload/f_auto,q_auto/v1764168416/imagens_otimizadas_marketplace/1_NIPLE_PLASTILIT_RR_1_2_X_1_2_BR.jpg"
1_PARAF_DRYWALL_TROMB_AGULHA_DTA_35_X_35.jpg,"https://res.cloudinary.com/dbpq32fiq/image/upload/f_auto,q_auto/v1764168417/imagens_otimizadas_marketplace/1_PARAF_DRYWALL_TROMB_AGULHA_DTA_35_X_35.jpg"
1_ENGATE_PLASTICO_PLASTILIT_60CM.jpg,"https://res.cloudinary.com/dbpq32fiq/image/upload/f_auto,q_auto/v1764168417/imagens_otimizadas_marketplace/1_ENGATE_PLASTICO_PLASTILIT_60CM.jpg"
"3_CABO_CHUPETA_P_BATERIA_CAMINHAO_3,50_EDA.jpg","https://res.cloudinary.com/dbpq32fiq/image/upload/f_auto,q_auto/v1764168419/imagens_otimizadas_marketplace/3_CABO_CHUPETA_P_BATERIA_CAMINHAO_3_50_EDA.jpg"
2_BARRA_ROSQ.JOMARCA_1MT_ZINC_D_3_8_(NC).jpg,"https://res.cloudinary.com/dbpq32fiq/image/upload/f_auto,q_auto/v1764168420/imagens_otimizadas_marketplace/2_BARRA_ROSQ.JOMARCA_1MT_ZINC_D_3_8__NC.jpg"
2_CHAVE_COMBINADA_CATRACADA_EDA_13MM.jpg,"https://res.cloudinary.com/dbpq32fiq/image/upload/f_auto,q_auto/v1764168420/imagens_otimizadas_marketplace/2_CHAVE_COMBINADA_CATRACADA_EDA_13MM.jpg"
2_COTOVELO_ESGOTO_PLASTILIT_40X90_C_ANEL.jpg,"https://res.cloudinary.com/dbpq32fiq/image/upload/f_auto,q_auto/v1764168421/imagens_otimizadas_marketplace/2_COTOVELO_ESGOTO_PLASTILIT_40X90_C_ANEL.jpg"
1_FIXA_CUBA_ESPELHO_GARIN___80G_CZ.jpg,"https://res.cloudinary.com/dbpq32fiq/image/upload/f_auto,q_auto/v1764168423/imagens_otimizadas_marketplace/1_FIXA_CUBA_ESPELHO_GARIN___80G_CZ.jpg"
1_DISCO_DIAM_BOSCH_SEGMENTADO_674.jpg,"https://res.cloudinary.com/dbpq32fiq/image/upload/f_auto,q_auto/v1764168425/imagens_otimizadas_marketplace/1_DISCO_DIAM_BOSCH_SEGMENTADO_674.jpg"
1_CORANTE_XADREZ_50ML_OCRE.jpg,"https://res.cloudinary.com/dbpq32fiq/image/upload/f_auto,q_auto/v1764168426/imagens_otimizadas_marketplace/1_CORANTE_XADREZ_50ML_OCRE.jpg"
"2_MANG_MAQ.LAVAR_SAIDA_OLIPLAS_1,40.jpg","https://res.cloudinary.com/dbpq32fiq/image/upload/f_auto,q_auto/v1764168426/imagens_otimizadas_marketplace/2_MANG_MAQ.LAVAR_SAIDA_OLIPLAS_1_40.jpg"
2_BRACO_P_CHUV.PLAST.ARTPLAS_40CM.jpg,"https://res.cloudinary.com/dbpq32fiq/image/upload/f_auto,q_auto/v1764168427/imagens_otimizadas_marketplace/2_BRACO_P_CHUV.PLAST.ARTPLAS_40CM.jpg"
1_TINTA_EUCATEX_ACR_PISO_C_18L_VERDE.jpg,"https://res.cloudinary.com/dbpq32fiq/image/upload/f_auto,q_auto/v1764168428/imagens_otimizadas_marketplace/1_TINTA_EUCATEX_ACR_PISO_C_18L_VERDE.jpg"
3_OTTO_B.BIANCO_A_POTE_900G.jpg,"https://res.cloudinary.com/dbpq32fiq/image/upload/f_auto,q_auto/v1764168429/imagens_otimizadas_marketplace/3_OTTO_B.BIANCO_A_POTE_900G.jpg"
2_CHAPIX_QUARTZOLIT_A_FRASCO_1LT.jpg,"https://res.cloudinary.com/dbpq32fiq/image/upload/f_auto,q_auto/v1764168431/imagens_otimizadas_marketplace/2_CHAPIX_QUARTZOLIT_A_FRASCO_1LT.jpg"
3_DENVERCRIL_SUPER-BRANCO_12KG_ONU__NA.jpg,"https://res.cloudinary.com/dbpq32fiq/image/upload/f_auto,q_auto/v1764168432/imagens_otimizadas_marketplace/3_DENVERCRIL_SUPER-BRANCO_12KG_ONU__NA.jpg"
1_RASPADOR_DE_REJUNTE_1_LAMINA_MAX.jpg,"https://res.cloudinary.com/dbpq32fiq/image/upload/f_auto,q_auto/v1764168434/imagens_otimizadas_marketplace/1_RASPADOR_DE_REJUNTE_1_LAMINA_MAX.jpg"
1_LIXA_TATU_GK_MASSA_180_C_50.jpg,"https://res.cloudinary.com/dbpq32fiq/image/upload/f_auto,q_auto/v1764168435/imagens_otimizadas_marketplace/1_LIXA_TATU_GK_MASSA_180_C_50.jpg"
"2_ESPAC.PISO_AZ_ROSCA_2,0MM_COMPEL_C_100.jpg","https://res.cloudinary.com/dbpq32fiq/image/upload/f_auto,q_auto/v1764168437/imagens_otimizadas_marketplace/2_ESPAC.PISO_AZ_ROSCA_2_0MM_COMPEL_C_100.jpg"
"1_BROCA_IRWIN_ACO_RAPIDO___6,0MM.jpg","https://res.cloudinary.com/dbpq32fiq/image/upload/f_auto,q_auto/v1764168439/imagens_otimizadas_marketplace/1_BROCA_IRWIN_ACO_RAPIDO___6_0MM.jpg"
3_OTTO_B.PRIMER_MANTA_ECO_BASE_DAGUA_1LT.jpg,"https://res.cloudinary.com/dbpq32fiq/image/upload/f_auto,q_auto/v1764168441/imagens_otimizadas_marketplace/3_OTTO_B.PRIMER_MANTA_ECO_BASE_DAGUA_1LT.jpg"
2_PARAF_CHIPBOARD_CHATA_PHS_6.0_X_70.jpg,"https://res.cloudinary.com/dbpq32fiq/image/upload/f_auto,q_auto/v1764168442/imagens_otimizadas_marketplace/2_PARAF_CHIPBOARD_CHATA_PHS_6.0_X_70.jpg"
1_FITA_ISOL_3M_IMPERIAL__05_MTS.jpg,"https://res.cloudinary.com/dbpq32fiq/image/upload/f_auto,q_auto/v1764168443/imagens_otimizadas_marketplace/1_FITA_ISOL_3M_IMPERIAL__05_MTS.jpg"
2_FECHO_P_CADEADO_INCA_3_DZ.jpg,"https://res.cloudinary.com/dbpq32fiq/image/upload/f_auto,q_auto/v1764168444/imagens_otimizadas_marketplace/2_FECHO_P_CADEADO_INCA_3_DZ.jpg"
2_DISJ_STECK_SERIE_SD61_50A_1P_CURVA_C_3KA.jpg,"https://res.cloudinary.com/dbpq32fiq/image/upload/f_auto,q_auto/v1764168445/imagens_otimizadas_marketplace/2_DISJ_STECK_SERIE_SD61_50A_1P_CURVA_C_3KA.jpg"
3_SERRA_MARM.MAKITA_4100NH2_Z_220V.jpg,"https://res.cloudinary.com/dbpq32fiq/image/upload/f_auto,q_auto/v1764168446/imagens_otimizadas_marketplace/3_SERRA_MARM.MAKITA_4100NH2_Z_220V.jpg"
3_SOPRADOR_TERMICO_FERRARI_1500W_127V.jpg,"https://res.cloudinary.com/dbpq32fiq/image/upload/f_auto,q_auto/v1764168447/imagens_otimizadas_marketplace/3_SOPRADOR_TERMICO_FERRARI_1500W_127V.jpg"
1_CABO_FERRA.ENXADA_1.50_EUCALIPTO_C_CUNHA.jpg,"https://res.cloudinary.com/dbpq32fiq/image/upload/f_auto,q_auto/v1764168448/imagens_otimizadas_marketplace/1_CABO_FERRA.ENXADA_1.50_EUCALIPTO_C_CUNHA.jpg"
3_PARAF_DRYWALL_FLANG_BROCA_DLB_42_X_19.jpg,"https://res.cloudinary.com/dbpq32fiq/image/upload/f_auto,q_auto/v1764168449/imagens_otimizadas_marketplace/3_PARAF_DRYWALL_FLANG_BROCA_DLB_42_X_19.jpg"
1_LONA_CARRETEIRO_BRASFORT__3X3_AZUL_8595.jpg,"https://res.cloudinary.com/dbpq32fiq/image/upload/f_auto,q_auto/v1764168451/imagens_otimizadas_marketplace/1_LONA_CARRETEIRO_BRASFORT__3X3_AZUL_8595.jpg"
3_CHAVE_PHIL.BELZER_C_3_16_X_4.jpg,"https://res.cloudinary.com/dbpq32fiq/image/upload/f_auto,q_auto/v1764168452/imagens_otimizadas_marketplace/3_CHAVE_PHIL.BELZER_C_3_16_X_4.jpg"
1_TORN_BICA_M_C_FILTRO_HERC_BR_2880.jpg,"https://res.cloudinary.com/dbpq32fiq/image/upload/f_auto,q_auto/v1764168453/imagens_otimizadas_marketplace/1_TORN_BICA_M_C_FILTRO_HERC_BR_2880.jpg"
2_FITA_ISOL_L&C_05_MTS_TUBO.jpg,"https://res.cloudinary.com/dbpq32fiq/image/upload/f_auto,q_auto/v1764168454/imagens_otimizadas_marketplace/2_FITA_ISOL_L_C_05_MTS_TUBO.jpg"
2_SERRA_MARM.MAKITA_4100NH2_Z_220V.jpg,"https://res.cloudinary.com/dbpq32fiq/image/upload/f_auto,q_auto/v1764168455/imagens_otimizadas_marketplace/2_SERRA_MARM.MAKITA_4100NH2_Z_220V.jpg"
1_PARAF_TELHA_110X1_4__KIT_C_100_JOMARCA.jpg,"https://res.cloudinary.com/dbpq32fiq/image/upload/f_auto,q_auto/v1764168456/imagens_otimizadas_marketplace/1_PARAF_TELHA_110X1_4__KIT_C_100_JOMARCA.jpg"
1_LIXA_TATU_GK_FERRO_220_C_50.jpg,"https://res.cloudinary.com/dbpq32fiq/image/upload/f_auto,q_auto/v1764168456/imagens_otimizadas_marketplace/1_LIXA_TATU_GK_FERRO_220_C_50.jpg"
2_LONA_PRETA_NEGREIRA_4X_50_GROSSA_13KG.jpg,"https://res.cloudinary.com/dbpq32fiq/image/upload/f_auto,q_auto/v1764168457/imagens_otimizadas_marketplace/2_LONA_PRETA_NEGREIRA_4X_50_GROSSA_13KG.jpg"
1_THINNER_NATRIELLI_8116_900ML.jpg,"https://res.cloudinary.com/dbpq32fiq/image/upload/f_auto,q_auto/v1764168458/imagens_otimizadas_marketplace/1_THINNER_NATRIELLI_8116_900ML.jpg"
3_TRINCHA_CONDOR_700_C_1_PRETA.jpg,"https://res.cloudinary.com/dbpq32fiq/image/upload/f_auto,q_auto/v1764168459/imagens_otimizadas_marketplace/3_TRINCHA_CONDOR_700_C_1_PRETA.jpg"
1_NUMERO_COLONIAL_EMAVE_7_DOURADO.jpg,"https://res.cloudinary.com/dbpq32fiq/image/upload/f_auto,q_auto/v1764168461/imagens_otimizadas_marketplace/1_NUMERO_COLONIAL_EMAVE_7_DOURADO.jpg"
2_TRINCHA_ROMA_302_E_2.jpg,"https://res.cloudinary.com/dbpq32fiq/image/upload/f_auto,q_auto/v1764168463/imagens_otimizadas_marketplace/2_TRINCHA_ROMA_302_E_2.jpg"
"1_BROCA_ACO_RAPIDO_BRASFORT__2,0MM.jpg","https://res.cloudinary.com/dbpq32fiq/image/upload/f_auto,q_auto/v1764168465/imagens_otimizadas_marketplace/1_BROCA_ACO_RAPIDO_BRASFORT__2_0MM.jpg"
1_CHAVE_FIXA_TRAMONTINA_16_X_17.jpg,"https://res.cloudinary.com/dbpq32fiq/image/upload/f_auto,q_auto/v1764168466/imagens_otimizadas_marketplace/1_CHAVE_FIXA_TRAMONTINA_16_X_17.jpg"
2_PO_XADREZ_250GR_VERMELHO.jpg,"https://res.cloudinary.com/dbpq32fiq/image/upload/f_auto,q_auto/v1764168468/imagens_otimizadas_marketplace/2_PO_XADREZ_250GR_VERMELHO.jpg"
3_RATOEIRA_FERRO_ZINCADO_TIPO_GAIOLA.jpg,"https://res.cloudinary.com/dbpq32fiq/image/upload/f_auto,q_auto/v1764168471/imagens_otimizadas_marketplace/3_RATOEIRA_FERRO_ZINCADO_TIPO_GAIOLA.jpg"
1_BROCA_IRWIN_WIDEA_10MM.jpg,"https://res.cloudinary.com/dbpq32fiq/image/upload/f_auto,q_auto/v1764168472/imagens_otimizadas_marketplace/1_BROCA_IRWIN_WIDEA_10MM.jpg"
2_BOMBA_DE_AR_PEDAL_BRASFORT_8406.jpg,"https://res.cloudinary.com/dbpq32fiq/image/upload/f_auto,q_auto/v1764168474/imagens_otimizadas_marketplace/2_BOMBA_DE_AR_PEDAL_BRASFORT_8406.jpg"
3_PARAF_SEX.FERRO_A_1_4_X_3_4_JOMARCA.jpg,"https://res.cloudinary.com/dbpq32fiq/image/upload/f_auto,q_auto/v1764168475/imagens_otimizadas_marketplace/3_PARAF_SEX.FERRO_A_1_4_X_3_4_JOMARCA.jpg"
1_NUMERO_COLONIAL_PEXCEL_1.jpg,"https://res.cloudinary.com/dbpq32fiq/image/upload/f_auto,q_auto/v1764168476/imagens_otimizadas_marketplace/1_NUMERO_COLONIAL_PEXCEL_1.jpg"
3_DENVERCRIL_SUPER-CINZA_12KG_ONU_NA.jpg,"https://res.cloudinary.com/dbpq32fiq/image/upload/f_auto,q_auto/v1764168477/imagens_otimizadas_marketplace/3_DENVERCRIL_SUPER-CINZA_12KG_ONU_NA.jpg"
3_BOTA_PEGA_FORTE_PT_AM_CANO_CURTO_N.42.jpg,"https://res.cloudinary.com/dbpq32fiq/image/upload/f_auto,q_auto/v1764168478/imagens_otimizadas_marketplace/3_BOTA_PEGA_FORTE_PT_AM_CANO_CURTO_N.42.jpg"
3_MASSA_CORRIDA_EUCATEX_ACRILICA_A_1_4.jpg,"https://res.cloudinary.com/dbpq32fiq/image/upload/f_auto,q_auto/v1764168479/imagens_otimizadas_marketplace/3_MASSA_CORRIDA_EUCATEX_ACRILICA_A_1_4.jpg"
3_PARAF_CHIPBOARD_CHATA_PHS_5.0_X_45_3152.jpg,"https://res.cloudinary.com/dbpq32fiq/image/upload/f_auto,q_auto/v1764168480/imagens_otimizadas_marketplace/3_PARAF_CHIPBOARD_CHATA_PHS_5.0_X_45_3152.jpg"
3_FITA_EMBAL_ADELBRAS_MARROM_48X45_QUALIT.jpg,"https://res.cloudinary.com/dbpq32fiq/image/upload/f_auto,q_auto/v1764168481/imagens_otimizadas_marketplace/3_FITA_EMBAL_ADELBRAS_MARROM_48X45_QUALIT.jpg"
3_DENVERFITA_RL_20CM_X_10MTS_ONU__N_A.jpg,"https://res.cloudinary.com/dbpq32fiq/image/upload/f_auto,q_auto/v1764168482/imagens_otimizadas_marketplace/3_DENVERFITA_RL_20CM_X_10MTS_ONU__N_A.jpg"
3_BROCA_ACO_RAPIDO_BRASFORT_H_1_4.jpg,"https://res.cloudinary.com/dbpq32fiq/image/upload/f_auto,q_auto/v1764168483/imagens_otimizadas_marketplace/3_BROCA_ACO_RAPIDO_BRASFORT_H_1_4.jpg"
1_ALIC_REBIT_4_BICOS_EDA_8VJ.jpg,"https://res.cloudinary.com/dbpq32fiq/image/upload/f_auto,q_auto/v1764168484/imagens_otimizadas_marketplace/1_ALIC_REBIT_4_BICOS_EDA_8VJ.jpg"
2_CORANTE_XADREZ_50ML_AZUL.jpg,"https://res.cloudinary.com/dbpq32fiq/image/upload/f_auto,q_auto/v1764168486/imagens_otimizadas_marketplace/2_CORANTE_XADREZ_50ML_AZUL.jpg"
2_FITA_ISOL_3M_IMPERIAL_18X10_BRANCA.jpg,"https://res.cloudinary.com/dbpq32fiq/image/upload/f_auto,q_auto/v1764168487/imagens_otimizadas_marketplace/2_FITA_ISOL_3M_IMPERIAL_18X10_BRANCA.jpg"
1_PARAF_SEX.FERRO_A_1_4_X_1_1_2_JOMARCA.jpg,"https://res.cloudinary.com/dbpq32fiq/image/upload/f_auto,q_auto/v1764168489/imagens_otimizadas_marketplace/1_PARAF_SEX.FERRO_A_1_4_X_1_1_2_JOMARCA.jpg"
1_BUCHA_AUMENTO_GARDEN_1_2_X3__4__ZAMAC.jpg,"https://res.cloudinary.com/dbpq32fiq/image/upload/f_auto,q_auto/v1764168490/imagens_otimizadas_marketplace/1_BUCHA_AUMENTO_GARDEN_1_2_X3__4__ZAMAC.jpg"
"1_CABIDE_ADESIVO_ATLAS_0,5KG_FIXO_BR.jpg","https://res.cloudinary.com/dbpq32fiq/image/upload/f_auto,q_auto/v1764168491/imagens_otimizadas_marketplace/1_CABIDE_ADESIVO_ATLAS_0_5KG_FIXO_BR.jpg"
2_GRELHA_PLAST_REDONDA_BR_10X10_LUCONI.jpg,"https://res.cloudinary.com/dbpq32fiq/image/upload/f_auto,q_auto/v1764168492/imagens_otimizadas_marketplace/2_GRELHA_PLAST_REDONDA_BR_10X10_LUCONI.jpg"
3_ROLO_COMPEL_DE_LA_CARNEIRO+CABO_23CM.jpg,"https://res.cloudinary.com/dbpq32fiq/image/upload/f_auto,q_auto/v1764168493/imagens_otimizadas_marketplace/3_ROLO_COMPEL_DE_LA_CARNEIRO_CABO_23CM.jpg"
1_COND_CORRUG_AMARELO_C_3_4_R_50.jpg,"https://res.cloudinary.com/dbpq32fiq/image/upload/f_auto,q_auto/v1764168494/imagens_otimizadas_marketplace/1_COND_CORRUG_AMARELO_C_3_4_R_50.jpg"
3_DESEMP_PVC_GALO_AZUL_CORRUGADA_22X34_822.jpg,"https://res.cloudinary.com/dbpq32fiq/image/upload/f_auto,q_auto/v1764168495/imagens_otimizadas_marketplace/3_DESEMP_PVC_GALO_AZUL_CORRUGADA_22X34_822.jpg"
"3_ABRAC_NYLON_BRASFORT_150X3,6_PR_C_100.jpg","https://res.cloudinary.com/dbpq32fiq/image/upload/f_auto,q_auto/v1764168498/imagens_otimizadas_marketplace/3_ABRAC_NYLON_BRASFORT_150X3_6_PR_C_100.jpg"
3_VERNIZ_EUCATEX_TINGIDOR_IMBUIA_1_16.jpg,"https://res.cloudinary.com/dbpq32fiq/image/upload/f_auto,q_auto/v1764168499/imagens_otimizadas_marketplace/3_VERNIZ_EUCATEX_TINGIDOR_IMBUIA_1_16.jpg"
1_ADAP_P_TANQUE_MAQ_LAVAR_T_1_2_GARDEN.jpg,"https://res.cloudinary.com/dbpq32fiq/image/upload/f_auto,q_auto/v1764168500/imagens_otimizadas_marketplace/1_ADAP_P_TANQUE_MAQ_LAVAR_T_1_2_GARDEN.jpg"
1_BOMBA_DE_AR_PEDAL_BRASFORT_8406.jpg,"https://res.cloudinary.com/dbpq32fiq/image/upload/f_auto,q_auto/v1764168502/imagens_otimizadas_marketplace/1_BOMBA_DE_AR_PEDAL_BRASFORT_8406.jpg"
2_OTTO_B.VEDACIT_A_POTE_900G.jpg,"https://res.cloudinary.com/dbpq32fiq/image/upload/f_auto,q_auto/v1764168503/imagens_otimizadas_marketplace/2_OTTO_B.VEDACIT_A_POTE_900G.jpg"
"2_VARAL_P_TETO_RENOVAR_1,40_6388_ALUM.jpg","https://res.cloudinary.com/dbpq32fiq/image/upload/f_auto,q_auto/v1764168505/imagens_otimizadas_marketplace/2_VARAL_P_TETO_RENOVAR_1_40_6388_ALUM.jpg"
3_ESP_MEC_TRONIC_PETRA_4X2_2MOD_DIST_82004.jpg,"https://res.cloudinary.com/dbpq32fiq/image/upload/f_auto,q_auto/v1764168507/imagens_otimizadas_marketplace/3_ESP_MEC_TRONIC_PETRA_4X2_2MOD_DIST_82004.jpg"
2_CJ_PIAL_POP_2TOM_10A_LGX303_BR.jpg,"https://res.cloudinary.com/dbpq32fiq/image/upload/f_auto,q_auto/v1764168508/imagens_otimizadas_marketplace/2_CJ_PIAL_POP_2TOM_10A_LGX303_BR.jpg"
1_TUBO_LIGACAO_ASTRA_PVC_CR_AJUST_SANF.jpg,"https://res.cloudinary.com/dbpq32fiq/image/upload/f_auto,q_auto/v1764168509/imagens_otimizadas_marketplace/1_TUBO_LIGACAO_ASTRA_PVC_CR_AJUST_SANF.jpg"
2_CONEC_INTERNEED_PORCELANA_10MM_TRIF.jpg,"https://res.cloudinary.com/dbpq32fiq/image/upload/f_auto,q_auto/v1764168513/imagens_otimizadas_marketplace/2_CONEC_INTERNEED_PORCELANA_10MM_TRIF.jpg"
1_TRINCHA_TIGRE_519_F_2.1_2.jpg,"https://res.cloudinary.com/dbpq32fiq/image/upload/f_auto,q_auto/v1764168517/imagens_otimizadas_marketplace/1_TRINCHA_TIGRE_519_F_2.1_2.jpg"
3_TRINCHA_ROMA_302_G_3.jpg,"https://res.cloudinary.com/dbpq32fiq/image/upload/f_auto,q_auto/v1764168519/imagens_otimizadas_marketplace/3_TRINCHA_ROMA_302_G_3.jpg"
3_BARRA_ROSQ.JOMARCA_1MT_ZINC_A_3_16_(NC_).jpg,"https://res.cloudinary.com/dbpq32fiq/image/upload/f_auto,q_auto/v1764168520/imagens_otimizadas_marketplace/3_BARRA_ROSQ.JOMARCA_1MT_ZINC_A_3_16__NC_.jpg"
"3_BROCA_ACO_RAPIDO_DEWALT__2,0MM.jpg","https://res.cloudinary.com/dbpq32fiq/image/upload/f_auto,q_auto/v1764168520/imagens_otimizadas_marketplace/3_BROCA_ACO_RAPIDO_DEWALT__2_0MM.jpg"
"1_CABO_FLEXÍVEL_6,00MM_X_100M_AZUL.jpg","https://res.cloudinary.com/dbpq32fiq/image/upload/f_auto,q_auto/v1764168522/imagens_otimizadas_marketplace/1_CABO_FLEX%C3%8DVEL_6_00MM_X_100M_AZUL.jpg"
2_JOELHEIRA_P_ASSENT.DE_PISOS_CORTAG_PAR.jpg,"https://res.cloudinary.com/dbpq32fiq/image/upload/f_auto,q_auto/v1764168523/imagens_otimizadas_marketplace/2_JOELHEIRA_P_ASSENT.DE_PISOS_CORTAG_PAR.jpg"
"1_CABO_FLEXÍVEL_6,00MM_X_100M_VERMELHO.jpg","https://res.cloudinary.com/dbpq32fiq/image/upload/f_auto,q_auto/v1764168524/imagens_otimizadas_marketplace/1_CABO_FLEX%C3%8DVEL_6_00MM_X_100M_VERMELHO.jpg"
1_ESP_TRAMONTINA_LIZ_4X4_4INT_57106_026.jpg,"https://res.cloudinary.com/dbpq32fiq/image/upload/f_auto,q_auto/v1764168525/imagens_otimizadas_marketplace/1_ESP_TRAMONTINA_LIZ_4X4_4INT_57106_026.jpg"
2_CHAVE_VIRAR_FERRO_SAO_ROMAO_A_3_8.jpg,"https://res.cloudinary.com/dbpq32fiq/image/upload/f_auto,q_auto/v1764168527/imagens_otimizadas_marketplace/2_CHAVE_VIRAR_FERRO_SAO_ROMAO_A_3_8.jpg"
1_CORANTE_XADREZ_50ML_AMARELO.jpg,"https://res.cloudinary.com/dbpq32fiq/image/upload/f_auto,q_auto/v1764168528/imagens_otimizadas_marketplace/1_CORANTE_XADREZ_50ML_AMARELO.jpg"
3_VALVULA_PLAST_TANQUE_1.1_4_LUCONI_BRANCA.jpg,"https://res.cloudinary.com/dbpq32fiq/image/upload/f_auto,q_auto/v1764168529/imagens_otimizadas_marketplace/3_VALVULA_PLAST_TANQUE_1.1_4_LUCONI_BRANCA.jpg"
2_PARAF_SEX.ROS.SOBERBA_1_4_X_50.jpg,"https://res.cloudinary.com/dbpq32fiq/image/upload/f_auto,q_auto/v1764168531/imagens_otimizadas_marketplace/2_PARAF_SEX.ROS.SOBERBA_1_4_X_50.jpg"
3_LONA_CARRETEIRO_BRASFORT__4X3_AZUL_8972.jpg,"https://res.cloudinary.com/dbpq32fiq/image/upload/f_auto,q_auto/v1764168532/imagens_otimizadas_marketplace/3_LONA_CARRETEIRO_BRASFORT__4X3_AZUL_8972.jpg"
1_RALO_LINEAR_MODULAVEL_HERC_50CM_BR_C_SIF.jpg,"https://res.cloudinary.com/dbpq32fiq/image/upload/f_auto,q_auto/v1764168534/imagens_otimizadas_marketplace/1_RALO_LINEAR_MODULAVEL_HERC_50CM_BR_C_SIF.jpg"
2_COTOVELO_ESGOTO_PLASTILIT_100X45_BR.jpg,"https://res.cloudinary.com/dbpq32fiq/image/upload/f_auto,q_auto/v1764168535/imagens_otimizadas_marketplace/2_COTOVELO_ESGOTO_PLASTILIT_100X45_BR.jpg"
3_THINNER_SAYERLACK__900ML.jpg,"https://res.cloudinary.com/dbpq32fiq/image/upload/f_auto,q_auto/v1764168536/imagens_otimizadas_marketplace/3_THINNER_SAYERLACK__900ML.jpg"
3_TEE_ESGOTO_PLASTILIT__50_X_50_BR.jpg,"https://res.cloudinary.com/dbpq32fiq/image/upload/f_auto,q_auto/v1764168538/imagens_otimizadas_marketplace/3_TEE_ESGOTO_PLASTILIT__50_X_50_BR.jpg"
2_LUVA_ESGOTO_PLASTILIT__75_X_75_BR.jpg,"https://res.cloudinary.com/dbpq32fiq/image/upload/f_auto,q_auto/v1764168539/imagens_otimizadas_marketplace/2_LUVA_ESGOTO_PLASTILIT__75_X_75_BR.jpg"
3_VEDA_ROSCA_3_4X25_TIGRE.jpg,"https://res.cloudinary.com/dbpq32fiq/image/upload/f_auto,q_auto/v1764168540/imagens_otimizadas_marketplace/3_VEDA_ROSCA_3_4X25_TIGRE.jpg"
3_REGUA_LISA_ALUM.2_X1_2MT_FRISADA_PERFIL.jpg,"https://res.cloudinary.com/dbpq32fiq/image/upload/f_auto,q_auto/v1764168542/imagens_otimizadas_marketplace/3_REGUA_LISA_ALUM.2_X1_2MT_FRISADA_PERFIL.jpg"
3_NUMERO_COLONIAL_PEXCEL_8.jpg,"https://res.cloudinary.com/dbpq32fiq/image/upload/f_auto,q_auto/v1764168543/imagens_otimizadas_marketplace/3_NUMERO_COLONIAL_PEXCEL_8.jpg"
1_ADAP_C_FLANGE_TIGRE_E_1.1_2_MARROM_50.jpg,"https://res.cloudinary.com/dbpq32fiq/image/upload/f_auto,q_auto/v1764168544/imagens_otimizadas_marketplace/1_ADAP_C_FLANGE_TIGRE_E_1.1_2_MARROM_50.jpg"
1_LUVA__SANRO_FORRADA_VERDE_XG.jpg,"https://res.cloudinary.com/dbpq32fiq/image/upload/f_auto,q_auto/v1764168545/imagens_otimizadas_marketplace/1_LUVA__SANRO_FORRADA_VERDE_XG.jpg"
3_MANG_TRANC.CRISTAL_CONJ.10MT_OLIPLAS.jpg,"https://res.cloudinary.com/dbpq32fiq/image/upload/f_auto,q_auto/v1764168546/imagens_otimizadas_marketplace/3_MANG_TRANC.CRISTAL_CONJ.10MT_OLIPLAS.jpg"
3_LATEX_QUARTZOLIT_PAREDE_NOVA_GL_BR_NEVE.jpg,"https://res.cloudinary.com/dbpq32fiq/image/upload/f_auto,q_auto/v1764168547/imagens_otimizadas_marketplace/3_LATEX_QUARTZOLIT_PAREDE_NOVA_GL_BR_NEVE.jpg"
2_RATOEIRA_ADESIVA_TUB_RAT_KRODEC.jpg,"https://res.cloudinary.com/dbpq32fiq/image/upload/f_auto,q_auto/v1764168548/imagens_otimizadas_marketplace/2_RATOEIRA_ADESIVA_TUB_RAT_KRODEC.jpg"
2_RASPADOR_DE_REJUNTE_1_LAMINA_MAX.jpg,"https://res.cloudinary.com/dbpq32fiq/image/upload/f_auto,q_auto/v1764168549/imagens_otimizadas_marketplace/2_RASPADOR_DE_REJUNTE_1_LAMINA_MAX.jpg"
2_CANTON_P_MOVEIS_ZAMAR_BICROM_2__C_50.jpg,"https://res.cloudinary.com/dbpq32fiq/image/upload/f_auto,q_auto/v1764168550/imagens_otimizadas_marketplace/2_CANTON_P_MOVEIS_ZAMAR_BICROM_2__C_50.jpg"
1_SPRAY_COLORGIN_DECOR_VERNIZ_360ML_8791.jpg,"https://res.cloudinary.com/dbpq32fiq/image/upload/f_auto,q_auto/v1764168552/imagens_otimizadas_marketplace/1_SPRAY_COLORGIN_DECOR_VERNIZ_360ML_8791.jpg"
3_DISCO_FLAP_HAMMER_4.1_2_X_40.jpg,"https://res.cloudinary.com/dbpq32fiq/image/upload/f_auto,q_auto/v1764168553/imagens_otimizadas_marketplace/3_DISCO_FLAP_HAMMER_4.1_2_X_40.jpg"
1_LUVA_ESGOTO_CORRER_PLASTILIT_100MMC_ANEL.jpg,"https://res.cloudinary.com/dbpq32fiq/image/upload/f_auto,q_auto/v1764168554/imagens_otimizadas_marketplace/1_LUVA_ESGOTO_CORRER_PLASTILIT_100MMC_ANEL.jpg"
1_PARAF_CHIPBOARD_CHATA_PHS_3.0_X_16_3113.jpg,"https://res.cloudinary.com/dbpq32fiq/image/upload/f_auto,q_auto/v1764168556/imagens_otimizadas_marketplace/1_PARAF_CHIPBOARD_CHATA_PHS_3.0_X_16_3113.jpg"
1_TRINCHA_TIGRE_519_A_1_2.jpg,"https://res.cloudinary.com/dbpq32fiq/image/upload/f_auto,q_auto/v1764168557/imagens_otimizadas_marketplace/1_TRINCHA_TIGRE_519_A_1_2.jpg"
"1_OTTO_B.VEDAPREN_PAREDE_BR_GL_3,6KG_GALAO.jpg","https://res.cloudinary.com/dbpq32fiq/image/upload/f_auto,q_auto/v1764168559/imagens_otimizadas_marketplace/1_OTTO_B.VEDAPREN_PAREDE_BR_GL_3_6KG_GALAO.jpg"
1_ASSENTO_ATLAS_ALMOFADADO_BRANCO.jpg,"https://res.cloudinary.com/dbpq32fiq/image/upload/f_auto,q_auto/v1764168561/imagens_otimizadas_marketplace/1_ASSENTO_ATLAS_ALMOFADADO_BRANCO.jpg"
1_MACANETA_SOPRANO_ALAVANCA_CROMADA.jpg,"https://res.cloudinary.com/dbpq32fiq/image/upload/f_auto,q_auto/v1764168562/imagens_otimizadas_marketplace/1_MACANETA_SOPRANO_ALAVANCA_CROMADA.jpg"
3_DIVISOR_BLINDADO_2_SAIDAS_INTERNEED.jpg,"https://res.cloudinary.com/dbpq32fiq/image/upload/f_auto,q_auto/v1764168565/imagens_otimizadas_marketplace/3_DIVISOR_BLINDADO_2_SAIDAS_INTERNEED.jpg"
2_FECHAD_STAM_940_PAPAGAIO.jpg,"https://res.cloudinary.com/dbpq32fiq/image/upload/f_auto,q_auto/v1764168566/imagens_otimizadas_marketplace/2_FECHAD_STAM_940_PAPAGAIO.jpg"
"2_CABO_FERRA.CAVADEIRA_1,50_GARAPEIRA.jpg","https://res.cloudinary.com/dbpq32fiq/image/upload/f_auto,q_auto/v1764168568/imagens_otimizadas_marketplace/2_CABO_FERRA.CAVADEIRA_1_50_GARAPEIRA.jpg"
2_REDUCAO_ESGOTO_PLASTILIT__50_X_40_BR.jpg,"https://res.cloudinary.com/dbpq32fiq/image/upload/f_auto,q_auto/v1764168569/imagens_otimizadas_marketplace/2_REDUCAO_ESGOTO_PLASTILIT__50_X_40_BR.jpg"
1_ESP_TRAMONTINA_LUX_4X4_4INT_57105_026.jpg,"https://res.cloudinary.com/dbpq32fiq/image/upload/f_auto,q_auto/v1764168570/imagens_otimizadas_marketplace/1_ESP_TRAMONTINA_LUX_4X4_4INT_57105_026.jpg"
1_ENGATE_RAP.P_MANG.PVC_TRAM_78506.jpg,"https://res.cloudinary.com/dbpq32fiq/image/upload/f_auto,q_auto/v1764168572/imagens_otimizadas_marketplace/1_ENGATE_RAP.P_MANG.PVC_TRAM_78506.jpg"
1_LIXA_BOSCH_D_AGUA_100_C_25.jpg,"https://res.cloudinary.com/dbpq32fiq/image/upload/f_auto,q_auto/v1764168574/imagens_otimizadas_marketplace/1_LIXA_BOSCH_D_AGUA_100_C_25.jpg"
3_PARAF_ROSC_MAQ_RED_C_3_16_X___3___JOMARC.jpg,"https://res.cloudinary.com/dbpq32fiq/image/upload/f_auto,q_auto/v1764168575/imagens_otimizadas_marketplace/3_PARAF_ROSC_MAQ_RED_C_3_16_X___3___JOMARC.jpg"
3_DESEMP_ACO_LISA_GALO_12X29_212_0.jpg,"https://res.cloudinary.com/dbpq32fiq/image/upload/f_auto,q_auto/v1764168577/imagens_otimizadas_marketplace/3_DESEMP_ACO_LISA_GALO_12X29_212_0.jpg"
2_DISCO_DIAM_HAMMER_PORCELANATO.jpg,"https://res.cloudinary.com/dbpq32fiq/image/upload/f_auto,q_auto/v1764168579/imagens_otimizadas_marketplace/2_DISCO_DIAM_HAMMER_PORCELANATO.jpg"
2_COTOVELO_PLASTILIT_LL_K_3_4X45_MARROM.jpg,"https://res.cloudinary.com/dbpq32fiq/image/upload/f_auto,q_auto/v1764168580/imagens_otimizadas_marketplace/2_COTOVELO_PLASTILIT_LL_K_3_4X45_MARROM.jpg"
1_DENVERFITA_RL_10CM_X_10MTS_ONU_N_A.jpg,"https://res.cloudinary.com/dbpq32fiq/image/upload/f_auto,q_auto/v1764168582/imagens_otimizadas_marketplace/1_DENVERFITA_RL_10CM_X_10MTS_ONU_N_A.jpg"
1_LIXA_NORTON_FERRO__80_C_25.jpg,"https://res.cloudinary.com/dbpq32fiq/image/upload/f_auto,q_auto/v1764168584/imagens_otimizadas_marketplace/1_LIXA_NORTON_FERRO__80_C_25.jpg"
3_FECHAD_PAPAIZ_5410_CR_ALAV.MZ_560_WC.jpg,"https://res.cloudinary.com/dbpq32fiq/image/upload/f_auto,q_auto/v1764168586/imagens_otimizadas_marketplace/3_FECHAD_PAPAIZ_5410_CR_ALAV.MZ_560_WC.jpg"
3_ROLO_TIGRE_ESP.POLIEST.REF.1341_5CM.jpg,"https://res.cloudinary.com/dbpq32fiq/image/upload/f_auto,q_auto/v1764168587/imagens_otimizadas_marketplace/3_ROLO_TIGRE_ESP.POLIEST.REF.1341_5CM.jpg"
1_PARAF_CHIPBOARD_CHATA_PHS_3.5_X_30_3124.jpg,"https://res.cloudinary.com/dbpq32fiq/image/upload/f_auto,q_auto/v1764168589/imagens_otimizadas_marketplace/1_PARAF_CHIPBOARD_CHATA_PHS_3.5_X_30_3124.jpg"
"2_BROCA_IRWIN_ACO_RAPIDO___4,0MM.jpg","https://res.cloudinary.com/dbpq32fiq/image/upload/f_auto,q_auto/v1764168591/imagens_otimizadas_marketplace/2_BROCA_IRWIN_ACO_RAPIDO___4_0MM.jpg"
3_PARAF_SEX.FERRO_A_1_4_X_1JOMARCA.jpg,"https://res.cloudinary.com/dbpq32fiq/image/upload/f_auto,q_auto/v1764168592/imagens_otimizadas_marketplace/3_PARAF_SEX.FERRO_A_1_4_X_1JOMARCA.jpg"
3_CORANTE_XADREZ_50ML_MARROM.jpg,"https://res.cloudinary.com/dbpq32fiq/image/upload/f_auto,q_auto/v1764168593/imagens_otimizadas_marketplace/3_CORANTE_XADREZ_50ML_MARROM.jpg"
3_LINHA_PEDREIRO_TOP_FIO_TRANCADA_LR__50MT.jpg,"https://res.cloudinary.com/dbpq32fiq/image/upload/f_auto,q_auto/v1764168594/imagens_otimizadas_marketplace/3_LINHA_PEDREIRO_TOP_FIO_TRANCADA_LR__50MT.jpg"
2_MACHADO_PACETTA_S_CABO.jpg,"https://res.cloudinary.com/dbpq32fiq/image/upload/f_auto,q_auto/v1764168596/imagens_otimizadas_marketplace/2_MACHADO_PACETTA_S_CABO.jpg"
"1_CHAVE_ALLEN_SATA_CURTA__5,0MM.jpg","https://res.cloudinary.com/dbpq32fiq/image/upload/f_auto,q_auto/v1764168598/imagens_otimizadas_marketplace/1_CHAVE_ALLEN_SATA_CURTA__5_0MM.jpg"
2_CARRINHO_PEDR_FISCHER_PNEU_GALVANIZ_60L.jpg,"https://res.cloudinary.com/dbpq32fiq/image/upload/f_auto,q_auto/v1764168599/imagens_otimizadas_marketplace/2_CARRINHO_PEDR_FISCHER_PNEU_GALVANIZ_60L.jpg"
"1_ESPAC.PISO_AZ_NIVELAM.1,0MM_CORTAG_C_50.jpg","https://res.cloudinary.com/dbpq32fiq/image/upload/f_auto,q_auto/v1764168600/imagens_otimizadas_marketplace/1_ESPAC.PISO_AZ_NIVELAM.1_0MM_CORTAG_C_50.jpg"
1_ENGATE_RAP.P_MANGUEIRA_MAC_LOREN.jpg,"https://res.cloudinary.com/dbpq32fiq/image/upload/f_auto,q_auto/v1764168601/imagens_otimizadas_marketplace/1_ENGATE_RAP.P_MANGUEIRA_MAC_LOREN.jpg"
1_PARAF_SEX.FERRO_B_5_16_X_1_JOMARCA.jpg,"https://res.cloudinary.com/dbpq32fiq/image/upload/f_auto,q_auto/v1764168602/imagens_otimizadas_marketplace/1_PARAF_SEX.FERRO_B_5_16_X_1_JOMARCA.jpg"
"1_BROCA_IRWIN_ACO_RAPIDO___3,0MM.jpg","https://res.cloudinary.com/dbpq32fiq/image/upload/f_auto,q_auto/v1764168604/imagens_otimizadas_marketplace/1_BROCA_IRWIN_ACO_RAPIDO___3_0MM.jpg"
2_NUMERO_COLONIAL_EMAVE_5_DOURADO.jpg,"https://res.cloudinary.com/dbpq32fiq/image/upload/f_auto,q_auto/v1764168604/imagens_otimizadas_marketplace/2_NUMERO_COLONIAL_EMAVE_5_DOURADO.jpg"
1_COLA_PVC_TIGRE_75GR.jpg,"https://res.cloudinary.com/dbpq32fiq/image/upload/f_auto,q_auto/v1764168605/imagens_otimizadas_marketplace/1_COLA_PVC_TIGRE_75GR.jpg"
3_PARAF_CHIPBOARD_CHATA_PHS_5.0_X_80.jpg,"https://res.cloudinary.com/dbpq32fiq/image/upload/f_auto,q_auto/v1764168606/imagens_otimizadas_marketplace/3_PARAF_CHIPBOARD_CHATA_PHS_5.0_X_80.jpg"
3_ENXADA_TRAMONTINA_2.5_LARGA_C_C_7214_754.jpg,"https://res.cloudinary.com/dbpq32fiq/image/upload/f_auto,q_auto/v1764168607/imagens_otimizadas_marketplace/3_ENXADA_TRAMONTINA_2.5_LARGA_C_C_7214_754.jpg"
3_MODULO_TRAMONTINA_CEGO_BR_090.jpg,"https://res.cloudinary.com/dbpq32fiq/image/upload/f_auto,q_auto/v1764168608/imagens_otimizadas_marketplace/3_MODULO_TRAMONTINA_CEGO_BR_090.jpg"
3_MARTELO_BORRACH_PT_MAX_60_32455.jpg,"https://res.cloudinary.com/dbpq32fiq/image/upload/f_auto,q_auto/v1764168609/imagens_otimizadas_marketplace/3_MARTELO_BORRACH_PT_MAX_60_32455.jpg"
2_DESEMP_PVC_CASTOR_CORRUGADA_15X26.jpg,"https://res.cloudinary.com/dbpq32fiq/image/upload/f_auto,q_auto/v1764168610/imagens_otimizadas_marketplace/2_DESEMP_PVC_CASTOR_CORRUGADA_15X26.jpg"
3_COND_CORRUG_AMARELO_D_1_R_50.jpg,"https://res.cloudinary.com/dbpq32fiq/image/upload/f_auto,q_auto/v1764168612/imagens_otimizadas_marketplace/3_COND_CORRUG_AMARELO_D_1_R_50.jpg"
3_SERROTE_RAMADA_DIAMANTE_24.jpg,"https://res.cloudinary.com/dbpq32fiq/image/upload/f_auto,q_auto/v1764168613/imagens_otimizadas_marketplace/3_SERROTE_RAMADA_DIAMANTE_24.jpg"
2_FITA_EMBAL_3M_48X50_MARROM.jpg,"https://res.cloudinary.com/dbpq32fiq/image/upload/f_auto,q_auto/v1764168615/imagens_otimizadas_marketplace/2_FITA_EMBAL_3M_48X50_MARROM.jpg"
3_ESP_TRAMONTINA_LIZ_4X4_6INT_57106_031.jpg,"https://res.cloudinary.com/dbpq32fiq/image/upload/f_auto,q_auto/v1764168616/imagens_otimizadas_marketplace/3_ESP_TRAMONTINA_LIZ_4X4_6INT_57106_031.jpg"
3_OTTO_B.FIT_ADES_P_VEDAC_30CMX10M_VEDACIT.jpg,"https://res.cloudinary.com/dbpq32fiq/image/upload/f_auto,q_auto/v1764168617/imagens_otimizadas_marketplace/3_OTTO_B.FIT_ADES_P_VEDAC_30CMX10M_VEDACIT.jpg"
3_COTOVELO_PLASTILIT_LL_K_3_4X45_MARROM.jpg,"https://res.cloudinary.com/dbpq32fiq/image/upload/f_auto,q_auto/v1764168621/imagens_otimizadas_marketplace/3_COTOVELO_PLASTILIT_LL_K_3_4X45_MARROM.jpg"
2_MANG_GAS_OFICIAL_IBIRA_1.25MT.jpg,"https://res.cloudinary.com/dbpq32fiq/image/upload/f_auto,q_auto/v1764168625/imagens_otimizadas_marketplace/2_MANG_GAS_OFICIAL_IBIRA_1.25MT.jpg"
3_NIVEL_MADEIRA_MOMFORT_30CM_12_.jpg,"https://res.cloudinary.com/dbpq32fiq/image/upload/f_auto,q_auto/v1764168626/imagens_otimizadas_marketplace/3_NIVEL_MADEIRA_MOMFORT_30CM_12_.jpg"
2_FUNDO_SUPER_GALVITE_P_GALVANIZADO_1_4.jpg,"https://res.cloudinary.com/dbpq32fiq/image/upload/f_auto,q_auto/v1764168627/imagens_otimizadas_marketplace/2_FUNDO_SUPER_GALVITE_P_GALVANIZADO_1_4.jpg"
1_TEE_ESGOTO_PLASTILIT_100_X_100_BR.jpg,"https://res.cloudinary.com/dbpq32fiq/image/upload/f_auto,q_auto/v1764168628/imagens_otimizadas_marketplace/1_TEE_ESGOTO_PLASTILIT_100_X_100_BR.jpg"
3_DESEMP_ACO_LISA_MAX_10X24_19455.jpg,"https://res.cloudinary.com/dbpq32fiq/image/upload/f_auto,q_auto/v1764168630/imagens_otimizadas_marketplace/3_DESEMP_ACO_LISA_MAX_10X24_19455.jpg"
"1_BROCA_IRWIN_ACO_RAPIDO__10,0MM.jpg","https://res.cloudinary.com/dbpq32fiq/image/upload/f_auto,q_auto/v1764168630/imagens_otimizadas_marketplace/1_BROCA_IRWIN_ACO_RAPIDO__10_0MM.jpg"
1_DISJ_STECK_SERIE_SD61_63A_1P_CURVA_C_3KA.jpg,"https://res.cloudinary.com/dbpq32fiq/image/upload/f_auto,q_auto/v1764168632/imagens_otimizadas_marketplace/1_DISJ_STECK_SERIE_SD61_63A_1P_CURVA_C_3KA.jpg"
1_MASSA_CORRIDA_EUCATEX_ACRILICA_C_25KG.jpg,"https://res.cloudinary.com/dbpq32fiq/image/upload/f_auto,q_auto/v1764168633/imagens_otimizadas_marketplace/1_MASSA_CORRIDA_EUCATEX_ACRILICA_C_25KG.jpg"
3_PARAF_ROSC_MAQ_RED_B_5_32X___1___JOMARCA.jpg,"https://res.cloudinary.com/dbpq32fiq/image/upload/f_auto,q_auto/v1764168635/imagens_otimizadas_marketplace/3_PARAF_ROSC_MAQ_RED_B_5_32X___1___JOMARCA.jpg"
1_REBITE_FIX_ALL_AL.REPUXO_RM312_C_1000.jpg,"https://res.cloudinary.com/dbpq32fiq/image/upload/f_auto,q_auto/v1764168637/imagens_otimizadas_marketplace/1_REBITE_FIX_ALL_AL.REPUXO_RM312_C_1000.jpg"
1_PARAF_CHIPBOARD_CHATA_PHS_4.0_X_16_3129.jpg,"https://res.cloudinary.com/dbpq32fiq/image/upload/f_auto,q_auto/v1764168639/imagens_otimizadas_marketplace/1_PARAF_CHIPBOARD_CHATA_PHS_4.0_X_16_3129.jpg"
2_REGULADOR_GAS_ALIANCA_GRANDE_506_01.jpg,"https://res.cloudinary.com/dbpq32fiq/image/upload/f_auto,q_auto/v1764168640/imagens_otimizadas_marketplace/2_REGULADOR_GAS_ALIANCA_GRANDE_506_01.jpg"
2_COLA_BRANCA_POLYFIX_1KG_PULVITEC.jpg,"https://res.cloudinary.com/dbpq32fiq/image/upload/f_auto,q_auto/v1764168641/imagens_otimizadas_marketplace/2_COLA_BRANCA_POLYFIX_1KG_PULVITEC.jpg"
2_PARAF_P_VASO_LATONADO_LUXO_1035_B10.jpg,"https://res.cloudinary.com/dbpq32fiq/image/upload/f_auto,q_auto/v1764168645/imagens_otimizadas_marketplace/2_PARAF_P_VASO_LATONADO_LUXO_1035_B10.jpg"
1_RATOEIRA_ADESIVA_TUB_RAT_KRODEC.jpg,"https://res.cloudinary.com/dbpq32fiq/image/upload/f_auto,q_auto/v1764168646/imagens_otimizadas_marketplace/1_RATOEIRA_ADESIVA_TUB_RAT_KRODEC.jpg"
2_ZARCAO_EUCATEX_1_4.jpg,"https://res.cloudinary.com/dbpq32fiq/image/upload/f_auto,q_auto/v1764168648/imagens_otimizadas_marketplace/2_ZARCAO_EUCATEX_1_4.jpg"
2_BROCA_ACO_RAPIDO_BRASFORT_G_3_16.jpg,"https://res.cloudinary.com/dbpq32fiq/image/upload/f_auto,q_auto/v1764168649/imagens_otimizadas_marketplace/2_BROCA_ACO_RAPIDO_BRASFORT_G_3_16.jpg"
2_TRINCHA_ATLAS_395_D_1.1_2.jpg,"https://res.cloudinary.com/dbpq32fiq/image/upload/f_auto,q_auto/v1764168650/imagens_otimizadas_marketplace/2_TRINCHA_ATLAS_395_D_1.1_2.jpg"
1_FECHAD_STAM_803_3_EXTERNA_INOX.jpg,"https://res.cloudinary.com/dbpq32fiq/image/upload/f_auto,q_auto/v1764168652/imagens_otimizadas_marketplace/1_FECHAD_STAM_803_3_EXTERNA_INOX.jpg"
2_PARAF_CHIPBOARD_CHATA_PHS_3.5_X_22_3122.jpg,"https://res.cloudinary.com/dbpq32fiq/image/upload/f_auto,q_auto/v1764168653/imagens_otimizadas_marketplace/2_PARAF_CHIPBOARD_CHATA_PHS_3.5_X_22_3122.jpg"
"2_EXT_TECHNA_PL_0,75_10MT_2P+T10A_PT.jpg","https://res.cloudinary.com/dbpq32fiq/image/upload/f_auto,q_auto/v1764168654/imagens_otimizadas_marketplace/2_EXT_TECHNA_PL_0_75_10MT_2P_T10A_PT.jpg"
2_SERRA_CIRC_WIDEA_HAMMER_4.3_8X36X20.jpg,"https://res.cloudinary.com/dbpq32fiq/image/upload/f_auto,q_auto/v1764168655/imagens_otimizadas_marketplace/2_SERRA_CIRC_WIDEA_HAMMER_4.3_8X36X20.jpg"
2_ROLO_COMPEL_TEXTURA_GROSSA_23CM_S_C.jpg,"https://res.cloudinary.com/dbpq32fiq/image/upload/f_auto,q_auto/v1764168656/imagens_otimizadas_marketplace/2_ROLO_COMPEL_TEXTURA_GROSSA_23CM_S_C.jpg"
3_RECEPTACULO_CANIELLO_LATAO_1451.jpg,"https://res.cloudinary.com/dbpq32fiq/image/upload/f_auto,q_auto/v1764168657/imagens_otimizadas_marketplace/3_RECEPTACULO_CANIELLO_LATAO_1451.jpg"
2_TRINCHA_ROMA_312_B_3_4_BR.jpg,"https://res.cloudinary.com/dbpq32fiq/image/upload/f_auto,q_auto/v1764168658/imagens_otimizadas_marketplace/2_TRINCHA_ROMA_312_B_3_4_BR.jpg"
3_MASSA_CORRIDA_PVA_EUCATEX_A_1_4.jpg,"https://res.cloudinary.com/dbpq32fiq/image/upload/f_auto,q_auto/v1764168659/imagens_otimizadas_marketplace/3_MASSA_CORRIDA_PVA_EUCATEX_A_1_4.jpg"
"3_CABIDE_ADESIVO_ATLAS_0,5KG_MOVEL_BR.jpg","https://res.cloudinary.com/dbpq32fiq/image/upload/f_auto,q_auto/v1764168661/imagens_otimizadas_marketplace/3_CABIDE_ADESIVO_ATLAS_0_5KG_MOVEL_BR.jpg"
2_DISJ_STECK_SERIE_SD61_25A_1P_CURVA_C_3KA.jpg,"https://res.cloudinary.com/dbpq32fiq/image/upload/f_auto,q_auto/v1764168662/imagens_otimizadas_marketplace/2_DISJ_STECK_SERIE_SD61_25A_1P_CURVA_C_3KA.jpg"
3_MASSA_CORRIDA_EUCATEX_ACRILICA_C_25KG.jpg,"https://res.cloudinary.com/dbpq32fiq/image/upload/f_auto,q_auto/v1764168663/imagens_otimizadas_marketplace/3_MASSA_CORRIDA_EUCATEX_ACRILICA_C_25KG.jpg"
3_DOBRAD_SILVANA_POLIDA_850X2_____C_24_521.jpg,"https://res.cloudinary.com/dbpq32fiq/image/upload/f_auto,q_auto/v1764168664/imagens_otimizadas_marketplace/3_DOBRAD_SILVANA_POLIDA_850X2_____C_24_521.jpg"
1_DIVISOR_BLINDADO_3_SAIDAS_INTERNEED.jpg,"https://res.cloudinary.com/dbpq32fiq/image/upload/f_auto,q_auto/v1764168665/imagens_otimizadas_marketplace/1_DIVISOR_BLINDADO_3_SAIDAS_INTERNEED.jpg"
2_CORANTE_XADREZ_50ML_AMARELO.jpg,"https://res.cloudinary.com/dbpq32fiq/image/upload/f_auto,q_auto/v1764168666/imagens_otimizadas_marketplace/2_CORANTE_XADREZ_50ML_AMARELO.jpg"
1_COTOVELO_ESGOTO_PLASTILIT__75X90_BR.jpg,"https://res.cloudinary.com/dbpq32fiq/image/upload/f_auto,q_auto/v1764168667/imagens_otimizadas_marketplace/1_COTOVELO_ESGOTO_PLASTILIT__75X90_BR.jpg"
1_REGUA_LISA_ALUM.2_X1_2MT_FRISADA_PERFIL.jpg,"https://res.cloudinary.com/dbpq32fiq/image/upload/f_auto,q_auto/v1764168668/imagens_otimizadas_marketplace/1_REGUA_LISA_ALUM.2_X1_2MT_FRISADA_PERFIL.jpg"
"3_BROCA_IRWIN_ACO_RAPIDO___8,0MM.jpg","https://res.cloudinary.com/dbpq32fiq/image/upload/f_auto,q_auto/v1764168669/imagens_otimizadas_marketplace/3_BROCA_IRWIN_ACO_RAPIDO___8_0MM.jpg"
3_CADEADO_PAPAIZ_40.jpg,"https://res.cloudinary.com/dbpq32fiq/image/upload/f_auto,q_auto/v1764168669/imagens_otimizadas_marketplace/3_CADEADO_PAPAIZ_40.jpg"
1_SELADORA_P_MADEIRA_EXTRA_EUCATEX__1_4.jpg,"https://res.cloudinary.com/dbpq32fiq/image/upload/f_auto,q_auto/v1764168670/imagens_otimizadas_marketplace/1_SELADORA_P_MADEIRA_EXTRA_EUCATEX__1_4.jpg"
2_ADAP_P_TANQUE_MAQ_LAVAR_T_1_2_GARDEN.jpg,"https://res.cloudinary.com/dbpq32fiq/image/upload/f_auto,q_auto/v1764168672/imagens_otimizadas_marketplace/2_ADAP_P_TANQUE_MAQ_LAVAR_T_1_2_GARDEN.jpg"
2_ESP_TRAMONTINA_LUX_4X2_2INT_DIST_105_206.jpg,"https://res.cloudinary.com/dbpq32fiq/image/upload/f_auto,q_auto/v1764168673/imagens_otimizadas_marketplace/2_ESP_TRAMONTINA_LUX_4X2_2INT_DIST_105_206.jpg"
1_ROLO_CASTOR_DE_LA_MASTER_PLUS_23CM_431.jpg,"https://res.cloudinary.com/dbpq32fiq/image/upload/f_auto,q_auto/v1764168674/imagens_otimizadas_marketplace/1_ROLO_CASTOR_DE_LA_MASTER_PLUS_23CM_431.jpg"
2_LIXA_BOSCH_MASSA_220_C_25.jpg,"https://res.cloudinary.com/dbpq32fiq/image/upload/f_auto,q_auto/v1764168675/imagens_otimizadas_marketplace/2_LIXA_BOSCH_MASSA_220_C_25.jpg"
3_COLA_MADEIRA___90GR_PULVITEC.jpg,"https://res.cloudinary.com/dbpq32fiq/image/upload/f_auto,q_auto/v1764168676/imagens_otimizadas_marketplace/3_COLA_MADEIRA___90GR_PULVITEC.jpg"
2_MODULO_TRAMONTINA_1SIMP_BR_010.jpg,"https://res.cloudinary.com/dbpq32fiq/image/upload/f_auto,q_auto/v1764168677/imagens_otimizadas_marketplace/2_MODULO_TRAMONTINA_1SIMP_BR_010.jpg"
1_LUVA__SANRO_FORRADA_VERDE_M.jpg,"https://res.cloudinary.com/dbpq32fiq/image/upload/f_auto,q_auto/v1764168678/imagens_otimizadas_marketplace/1_LUVA__SANRO_FORRADA_VERDE_M.jpg"
1_ESTILETE_C_LAMINA_ESTREITA_09MM_THOMPSOM.jpg,"https://res.cloudinary.com/dbpq32fiq/image/upload/f_auto,q_auto/v1764168679/imagens_otimizadas_marketplace/1_ESTILETE_C_LAMINA_ESTREITA_09MM_THOMPSOM.jpg"
3_BROCA_CHATA_P_MADEIRA_HAMMER_D_1_2.jpg,"https://res.cloudinary.com/dbpq32fiq/image/upload/f_auto,q_auto/v1764168681/imagens_otimizadas_marketplace/3_BROCA_CHATA_P_MADEIRA_HAMMER_D_1_2.jpg"
2_COND_CORRUG_AMARELO_C_3_4_R_50.jpg,"https://res.cloudinary.com/dbpq32fiq/image/upload/f_auto,q_auto/v1764168683/imagens_otimizadas_marketplace/2_COND_CORRUG_AMARELO_C_3_4_R_50.jpg"
"2_CAIXA_P_FERR.S.BERNARDO_11,8_CF-40.jpg","https://res.cloudinary.com/dbpq32fiq/image/upload/f_auto,q_auto/v1764168684/imagens_otimizadas_marketplace/2_CAIXA_P_FERR.S.BERNARDO_11_8_CF-40.jpg"
1_REPARO_P_CX.DESC_ACOP_NATURAL_ASTRA_KE_D.jpg,"https://res.cloudinary.com/dbpq32fiq/image/upload/f_auto,q_auto/v1764168685/imagens_otimizadas_marketplace/1_REPARO_P_CX.DESC_ACOP_NATURAL_ASTRA_KE_D.jpg"
1_CADEADO_PADO_30.jpg,"https://res.cloudinary.com/dbpq32fiq/image/upload/f_auto,q_auto/v1764168686/imagens_otimizadas_marketplace/1_CADEADO_PADO_30.jpg"
3_TUBO_LIGACAO_ABS_CR_AJU_1.1_2X20_LUCONI.jpg,"https://res.cloudinary.com/dbpq32fiq/image/upload/f_auto,q_auto/v1764168688/imagens_otimizadas_marketplace/3_TUBO_LIGACAO_ABS_CR_AJU_1.1_2X20_LUCONI.jpg"
"3_PORTA_SANF_PLASTILIT_0,70X2.10_CINZA.jpg","https://res.cloudinary.com/dbpq32fiq/image/upload/f_auto,q_auto/v1764168689/imagens_otimizadas_marketplace/3_PORTA_SANF_PLASTILIT_0_70X2.10_CINZA.jpg"
2_RUFO_EXTERNO_20_X_2_MT_CALHA_FORTE.jpg,"https://res.cloudinary.com/dbpq32fiq/image/upload/f_auto,q_auto/v1764168689/imagens_otimizadas_marketplace/2_RUFO_EXTERNO_20_X_2_MT_CALHA_FORTE.jpg"
2_JG.CHAVES_FENDA_TRAMONTINA_AMARELA_6PCS.jpg,"https://res.cloudinary.com/dbpq32fiq/image/upload/f_auto,q_auto/v1764168690/imagens_otimizadas_marketplace/2_JG.CHAVES_FENDA_TRAMONTINA_AMARELA_6PCS.jpg"
3_CADEADO_PADO_20.jpg,"https://res.cloudinary.com/dbpq32fiq/image/upload/f_auto,q_auto/v1764168691/imagens_otimizadas_marketplace/3_CADEADO_PADO_20.jpg"
3_CORANTE_XADREZ_50ML_AZUL.jpg,"https://res.cloudinary.com/dbpq32fiq/image/upload/f_auto,q_auto/v1764168692/imagens_otimizadas_marketplace/3_CORANTE_XADREZ_50ML_AZUL.jpg"
3_TESOURA_FUNILEIRO_T.AVIACAO_BRASFORT_10.jpg,"https://res.cloudinary.com/dbpq32fiq/image/upload/f_auto,q_auto/v1764168693/imagens_otimizadas_marketplace/3_TESOURA_FUNILEIRO_T.AVIACAO_BRASFORT_10.jpg"
3_DISCO_SPED_INOX_BOSCH_4.1_2X7_8X1.0.jpg,"https://res.cloudinary.com/dbpq32fiq/image/upload/f_auto,q_auto/v1764168694/imagens_otimizadas_marketplace/3_DISCO_SPED_INOX_BOSCH_4.1_2X7_8X1.0.jpg"
1_MODULO_TRAMONTINA_CEGO_BR_090.jpg,"https://res.cloudinary.com/dbpq32fiq/image/upload/f_auto,q_auto/v1764168695/imagens_otimizadas_marketplace/1_MODULO_TRAMONTINA_CEGO_BR_090.jpg"
"2_BROCA_IRWIN_ACO_RAPIDO___4,5MM.jpg","https://res.cloudinary.com/dbpq32fiq/image/upload/f_auto,q_auto/v1764168696/imagens_otimizadas_marketplace/2_BROCA_IRWIN_ACO_RAPIDO___4_5MM.jpg"
1_UNIAO_PLASTILIT_LL_B_3_4_MARROM.jpg,"https://res.cloudinary.com/dbpq32fiq/image/upload/f_auto,q_auto/v1764168697/imagens_otimizadas_marketplace/1_UNIAO_PLASTILIT_LL_B_3_4_MARROM.jpg"
1_ACAB_P__VAL.HIDRA_ORIG.4900E_MAX_CINZA.jpg,"https://res.cloudinary.com/dbpq32fiq/image/upload/f_auto,q_auto/v1764168698/imagens_otimizadas_marketplace/1_ACAB_P__VAL.HIDRA_ORIG.4900E_MAX_CINZA.jpg"
"3_ABRAC_NYLON_BRASFORT_200X4,8_PR_C_100.jpg","https://res.cloudinary.com/dbpq32fiq/image/upload/f_auto,q_auto/v1764168699/imagens_otimizadas_marketplace/3_ABRAC_NYLON_BRASFORT_200X4_8_PR_C_100.jpg"
"1_ESPAC.PISO_AZ_ROSCA_1,5MM_COMPEL_C_100.jpg","https://res.cloudinary.com/dbpq32fiq/image/upload/f_auto,q_auto/v1764168700/imagens_otimizadas_marketplace/1_ESPAC.PISO_AZ_ROSCA_1_5MM_COMPEL_C_100.jpg"
2_RATOEIRA_ADESIVA_PEGA_RATO_KRODEC.jpg,"https://res.cloudinary.com/dbpq32fiq/image/upload/f_auto,q_auto/v1764168701/imagens_otimizadas_marketplace/2_RATOEIRA_ADESIVA_PEGA_RATO_KRODEC.jpg"
1_KIT_P_COMPRESSOR_FERRARI_KC-6.jpg,"https://res.cloudinary.com/dbpq32fiq/image/upload/f_auto,q_auto/v1764168702/imagens_otimizadas_marketplace/1_KIT_P_COMPRESSOR_FERRARI_KC-6.jpg"
2_PARAF_AUTO_BROCANTE_CHATA_PHS_42X38_1230.jpg,"https://res.cloudinary.com/dbpq32fiq/image/upload/f_auto,q_auto/v1764168704/imagens_otimizadas_marketplace/2_PARAF_AUTO_BROCANTE_CHATA_PHS_42X38_1230.jpg"
1_FITA_EMBAL_3M_48X50_MARROM.jpg,"https://res.cloudinary.com/dbpq32fiq/image/upload/f_auto,q_auto/v1764168706/imagens_otimizadas_marketplace/1_FITA_EMBAL_3M_48X50_MARROM.jpg"
"1_CABO_FERRA.CAVADEIRA_1,50_GARAPEIRA.jpg","https://res.cloudinary.com/dbpq32fiq/image/upload/f_auto,q_auto/v1764168708/imagens_otimizadas_marketplace/1_CABO_FERRA.CAVADEIRA_1_50_GARAPEIRA.jpg"
3_NUMERO_COLONIAL_EMAVE_8_DOURADO.jpg,"https://res.cloudinary.com/dbpq32fiq/image/upload/f_auto,q_auto/v1764168709/imagens_otimizadas_marketplace/3_NUMERO_COLONIAL_EMAVE_8_DOURADO.jpg"
3_RECEPTACULO_CANIELLO_LATAO_F_519.jpg,"https://res.cloudinary.com/dbpq32fiq/image/upload/f_auto,q_auto/v1764168710/imagens_otimizadas_marketplace/3_RECEPTACULO_CANIELLO_LATAO_F_519.jpg"
2_PORTAO_DOMESTICO_PET_70LX82ALT_QUALLY.jpg,"https://res.cloudinary.com/dbpq32fiq/image/upload/f_auto,q_auto/v1764168711/imagens_otimizadas_marketplace/2_PORTAO_DOMESTICO_PET_70LX82ALT_QUALLY.jpg"
"3_DENVERPOXI_ONU_CA__ONU_3082,_CL.9,_R.90_.jpg","https://res.cloudinary.com/dbpq32fiq/image/upload/f_auto,q_auto/v1764168713/imagens_otimizadas_marketplace/3_DENVERPOXI_ONU_CA__ONU_3082__CL.9__R.90_.jpg"
1_CJ_TRAMONTINA_LIZ_2TOM_10A_BR_265.jpg,"https://res.cloudinary.com/dbpq32fiq/image/upload/f_auto,q_auto/v1764168715/imagens_otimizadas_marketplace/1_CJ_TRAMONTINA_LIZ_2TOM_10A_BR_265.jpg"
1_SERROTE_RAMADA_DIAMANTE_22.jpg,"https://res.cloudinary.com/dbpq32fiq/image/upload/f_auto,q_auto/v1764168716/imagens_otimizadas_marketplace/1_SERROTE_RAMADA_DIAMANTE_22.jpg"
3_JOGO_PONTEIRA_WAVES_PHIL_10P_1_4X50MM.jpg,"https://res.cloudinary.com/dbpq32fiq/image/upload/f_auto,q_auto/v1764168717/imagens_otimizadas_marketplace/3_JOGO_PONTEIRA_WAVES_PHIL_10P_1_4X50MM.jpg"
1_SPUD_PVC_LIGACAO_LUCONI_BR.jpg,"https://res.cloudinary.com/dbpq32fiq/image/upload/f_auto,q_auto/v1764168718/imagens_otimizadas_marketplace/1_SPUD_PVC_LIGACAO_LUCONI_BR.jpg"
2_CANTONEIRA_ALUM.L_3_4_3MT_PERFIL_POL_N.H.jpg,"https://res.cloudinary.com/dbpq32fiq/image/upload/f_auto,q_auto/v1764168719/imagens_otimizadas_marketplace/2_CANTONEIRA_ALUM.L_3_4_3MT_PERFIL_POL_N.H.jpg"
"2_ENXADA_MAX_2,5_ESTREITA_C_C_45250.jpg","https://res.cloudinary.com/dbpq32fiq/image/upload/f_auto,q_auto/v1764168720/imagens_otimizadas_marketplace/2_ENXADA_MAX_2_5_ESTREITA_C_C_45250.jpg"
3_LIXA_TATU_GK_D_AGUA_400_C_50.jpg,"https://res.cloudinary.com/dbpq32fiq/image/upload/f_auto,q_auto/v1764168720/imagens_otimizadas_marketplace/3_LIXA_TATU_GK_D_AGUA_400_C_50.jpg"
2_COND_CORRUGADO_PRETO_A_1_2_RL_100.jpg,"https://res.cloudinary.com/dbpq32fiq/image/upload/f_auto,q_auto/v1764168722/imagens_otimizadas_marketplace/2_COND_CORRUGADO_PRETO_A_1_2_RL_100.jpg"
1_CAVADEIRA_RETA_PANDOLFO_S_C_097-03.jpg,"https://res.cloudinary.com/dbpq32fiq/image/upload/f_auto,q_auto/v1764168723/imagens_otimizadas_marketplace/1_CAVADEIRA_RETA_PANDOLFO_S_C_097-03.jpg"
3_REBITE_FIX_ALL_AL.REPUXO_RM412_C_1000.jpg,"https://res.cloudinary.com/dbpq32fiq/image/upload/f_auto,q_auto/v1764168723/imagens_otimizadas_marketplace/3_REBITE_FIX_ALL_AL.REPUXO_RM412_C_1000.jpg"
1_TALHADEIRA_SAO_ROMAO_CHATA_12.jpg,"https://res.cloudinary.com/dbpq32fiq/image/upload/f_auto,q_auto/v1764168724/imagens_otimizadas_marketplace/1_TALHADEIRA_SAO_ROMAO_CHATA_12.jpg"
2_CORANTE_XADREZ_50ML_VIOLETA.jpg,"https://res.cloudinary.com/dbpq32fiq/image/upload/f_auto,q_auto/v1764168725/imagens_otimizadas_marketplace/2_CORANTE_XADREZ_50ML_VIOLETA.jpg"
2_CAVADEIRA_RETA_PANDOLFO_S_C_097-03.jpg,"https://res.cloudinary.com/dbpq32fiq/image/upload/f_auto,q_auto/v1764168726/imagens_otimizadas_marketplace/2_CAVADEIRA_RETA_PANDOLFO_S_C_097-03.jpg"
2_ARCO_SERRA_FIXO_BEIM_BARATIM_THOMPSON_01.jpg,"https://res.cloudinary.com/dbpq32fiq/image/upload/f_auto,q_auto/v1764168728/imagens_otimizadas_marketplace/2_ARCO_SERRA_FIXO_BEIM_BARATIM_THOMPSON_01.jpg"
3_TRENA__5MT_EMBORRACHADA_19MM_EDA.jpg,"https://res.cloudinary.com/dbpq32fiq/image/upload/f_auto,q_auto/v1764168729/imagens_otimizadas_marketplace/3_TRENA__5MT_EMBORRACHADA_19MM_EDA.jpg"
3_ESPONJA_MULTIUSO_POLIESTER_FLASH_LIMP.jpg,"https://res.cloudinary.com/dbpq32fiq/image/upload/f_auto,q_auto/v1764168729/imagens_otimizadas_marketplace/3_ESPONJA_MULTIUSO_POLIESTER_FLASH_LIMP.jpg"
1_PORTA_CADEADO_ALIANCA_3.1_2_(89MM).jpg,"https://res.cloudinary.com/dbpq32fiq/image/upload/f_auto,q_auto/v1764168730/imagens_otimizadas_marketplace/1_PORTA_CADEADO_ALIANCA_3.1_2__89MM.jpg"
3_CAVADEIRA_2_CABOS_RAMADA_LIGHT.jpg,"https://res.cloudinary.com/dbpq32fiq/image/upload/f_auto,q_auto/v1764168731/imagens_otimizadas_marketplace/3_CAVADEIRA_2_CABOS_RAMADA_LIGHT.jpg"
1_ESMALTE_1_4_SINTET.BASE_AGUA_EUCALAR_BR.jpg,"https://res.cloudinary.com/dbpq32fiq/image/upload/f_auto,q_auto/v1764168732/imagens_otimizadas_marketplace/1_ESMALTE_1_4_SINTET.BASE_AGUA_EUCALAR_BR.jpg"
3_ESPATULA_TRAMONTINA__06_C_CABO_PLASTICO.jpg,"https://res.cloudinary.com/dbpq32fiq/image/upload/f_auto,q_auto/v1764168733/imagens_otimizadas_marketplace/3_ESPATULA_TRAMONTINA__06_C_CABO_PLASTICO.jpg"
1_EMENDA_P_MANGUEIRA_1_2_GARDEN.jpg,"https://res.cloudinary.com/dbpq32fiq/image/upload/f_auto,q_auto/v1764168734/imagens_otimizadas_marketplace/1_EMENDA_P_MANGUEIRA_1_2_GARDEN.jpg"
3_TEE_ESGOTO_PLASTILIT__40_X_40_BR.jpg,"https://res.cloudinary.com/dbpq32fiq/image/upload/f_auto,q_auto/v1764168735/imagens_otimizadas_marketplace/3_TEE_ESGOTO_PLASTILIT__40_X_40_BR.jpg"
2_GARFO_P_ROLO_23CM_GAIOLA_CASTOR.jpg,"https://res.cloudinary.com/dbpq32fiq/image/upload/f_auto,q_auto/v1764168736/imagens_otimizadas_marketplace/2_GARFO_P_ROLO_23CM_GAIOLA_CASTOR.jpg"
2_CORANTE_XADREZ_50ML_PRETO.jpg,"https://res.cloudinary.com/dbpq32fiq/image/upload/f_auto,q_auto/v1764168739/imagens_otimizadas_marketplace/2_CORANTE_XADREZ_50ML_PRETO.jpg"
2_BRACO_P_CHUV_PLAST_REFORC_ASTRA_40CM.jpg,"https://res.cloudinary.com/dbpq32fiq/image/upload/f_auto,q_auto/v1764168741/imagens_otimizadas_marketplace/2_BRACO_P_CHUV_PLAST_REFORC_ASTRA_40CM.jpg"
1_RESIST.HYDRA_MEGA_DUCHA_6400W_220.jpg,"https://res.cloudinary.com/dbpq32fiq/image/upload/f_auto,q_auto/v1764168743/imagens_otimizadas_marketplace/1_RESIST.HYDRA_MEGA_DUCHA_6400W_220.jpg"
3_DIVISOR_BLINDADO_3_SAIDAS_INTERNEED.jpg,"https://res.cloudinary.com/dbpq32fiq/image/upload/f_auto,q_auto/v1764168747/imagens_otimizadas_marketplace/3_DIVISOR_BLINDADO_3_SAIDAS_INTERNEED.jpg"
1_PARAF_P_VASO_LATAO_LUXO_1033_B10.jpg,"https://res.cloudinary.com/dbpq32fiq/image/upload/f_auto,q_auto/v1764168748/imagens_otimizadas_marketplace/1_PARAF_P_VASO_LATAO_LUXO_1033_B10.jpg"
2_GRAXA_USO_GERAL_NOBRE__95GR.jpg,"https://res.cloudinary.com/dbpq32fiq/image/upload/f_auto,q_auto/v1764168749/imagens_otimizadas_marketplace/2_GRAXA_USO_GERAL_NOBRE__95GR.jpg"
3_FIBRA_ABRASIVA_NORTON_USO_GERAL_C_2.jpg,"https://res.cloudinary.com/dbpq32fiq/image/upload/f_auto,q_auto/v1764168750/imagens_otimizadas_marketplace/3_FIBRA_ABRASIVA_NORTON_USO_GERAL_C_2.jpg"
1_SERRA_CIRC_WIDEA_HAMMER_7.1_4X40X20.jpg,"https://res.cloudinary.com/dbpq32fiq/image/upload/f_auto,q_auto/v1764168753/imagens_otimizadas_marketplace/1_SERRA_CIRC_WIDEA_HAMMER_7.1_4X40X20.jpg"
3_PROTETOR_AUDITIVO_SAFETY_ESPUMA_C_CORD.jpg,"https://res.cloudinary.com/dbpq32fiq/image/upload/f_auto,q_auto/v1764168754/imagens_otimizadas_marketplace/3_PROTETOR_AUDITIVO_SAFETY_ESPUMA_C_CORD.jpg"
2_CAIXA_PASSAGEM_PVC_150X150X80_PERLEX_SOB.jpg,"https://res.cloudinary.com/dbpq32fiq/image/upload/f_auto,q_auto/v1764168755/imagens_otimizadas_marketplace/2_CAIXA_PASSAGEM_PVC_150X150X80_PERLEX_SOB.jpg"
3_NUMERO_COLONIAL_EMAVE_4_DOURADO.jpg,"https://res.cloudinary.com/dbpq32fiq/image/upload/f_auto,q_auto/v1764168756/imagens_otimizadas_marketplace/3_NUMERO_COLONIAL_EMAVE_4_DOURADO.jpg"
2_BOTA_GRENDHA_AZUL_N.37.jpg,"https://res.cloudinary.com/dbpq32fiq/image/upload/f_auto,q_auto/v1764168757/imagens_otimizadas_marketplace/2_BOTA_GRENDHA_AZUL_N.37.jpg"
1_ESP_TRAMONTINA_LIZ_4X2_3INT_57106_007.jpg,"https://res.cloudinary.com/dbpq32fiq/image/upload/f_auto,q_auto/v1764168758/imagens_otimizadas_marketplace/1_ESP_TRAMONTINA_LIZ_4X2_3INT_57106_007.jpg"
1_DESEMP_ACO_LISA_THOMPSON_12X48.jpg,"https://res.cloudinary.com/dbpq32fiq/image/upload/f_auto,q_auto/v1764168759/imagens_otimizadas_marketplace/1_DESEMP_ACO_LISA_THOMPSON_12X48.jpg"
1_NUMERO_COLONIAL_PEXCEL_7.jpg,"https://res.cloudinary.com/dbpq32fiq/image/upload/f_auto,q_auto/v1764168761/imagens_otimizadas_marketplace/1_NUMERO_COLONIAL_PEXCEL_7.jpg"
2_COTOVELO_ESGOTO_PLASTILIT__50X90_BR.jpg,"https://res.cloudinary.com/dbpq32fiq/image/upload/f_auto,q_auto/v1764168762/imagens_otimizadas_marketplace/2_COTOVELO_ESGOTO_PLASTILIT__50X90_BR.jpg"
3_SERRA_A.R_STARRETT_TUBO_BIMET_24D.jpg,"https://res.cloudinary.com/dbpq32fiq/image/upload/f_auto,q_auto/v1764168763/imagens_otimizadas_marketplace/3_SERRA_A.R_STARRETT_TUBO_BIMET_24D.jpg"
2_ROLO_TIGRE_ESP.POLIEST.REF.1341_15CM.jpg,"https://res.cloudinary.com/dbpq32fiq/image/upload/f_auto,q_auto/v1764168765/imagens_otimizadas_marketplace/2_ROLO_TIGRE_ESP.POLIEST.REF.1341_15CM.jpg"
3_BLOCO_ESPUMA_6X11X17_AM_CASTOR_PRATICA.jpg,"https://res.cloudinary.com/dbpq32fiq/image/upload/f_auto,q_auto/v1764168768/imagens_otimizadas_marketplace/3_BLOCO_ESPUMA_6X11X17_AM_CASTOR_PRATICA.jpg"
"2_BROCA_IRWIN_ACO_RAPIDO___5,0MM.jpg","https://res.cloudinary.com/dbpq32fiq/image/upload/f_auto,q_auto/v1764168769/imagens_otimizadas_marketplace/2_BROCA_IRWIN_ACO_RAPIDO___5_0MM.jpg"
2_PA_VANGA_QUADRADA_RAMADA_C_CABO.jpg,"https://res.cloudinary.com/dbpq32fiq/image/upload/f_auto,q_auto/v1764168770/imagens_otimizadas_marketplace/2_PA_VANGA_QUADRADA_RAMADA_C_CABO.jpg"
1_DENVERCRIL_SUPER-CINZA_12KG_ONU_NA.jpg,"https://res.cloudinary.com/dbpq32fiq/image/upload/f_auto,q_auto/v1764168771/imagens_otimizadas_marketplace/1_DENVERCRIL_SUPER-CINZA_12KG_ONU_NA.jpg"
3_SELADORA_P_MADEIRA_EXTRA_EUCATEX__1_4.jpg,"https://res.cloudinary.com/dbpq32fiq/image/upload/f_auto,q_auto/v1764168772/imagens_otimizadas_marketplace/3_SELADORA_P_MADEIRA_EXTRA_EUCATEX__1_4.jpg"
3_GARFO_P_ROLO_23CM_GAIOLA_CASTOR.jpg,"https://res.cloudinary.com/dbpq32fiq/image/upload/f_auto,q_auto/v1764168773/imagens_otimizadas_marketplace/3_GARFO_P_ROLO_23CM_GAIOLA_CASTOR.jpg"
2_FECHAD_ALIANCA_1500_100_PORTAO.jpg,"https://res.cloudinary.com/dbpq32fiq/image/upload/f_auto,q_auto/v1764168774/imagens_otimizadas_marketplace/2_FECHAD_ALIANCA_1500_100_PORTAO.jpg"
3_ESPATULA_TRAMONTINA__08_C_CABO_PLASTICO.jpg,"https://res.cloudinary.com/dbpq32fiq/image/upload/f_auto,q_auto/v1764168775/imagens_otimizadas_marketplace/3_ESPATULA_TRAMONTINA__08_C_CABO_PLASTICO.jpg"
"2_PARAF_A_A_CHATA_PHS_5,5_X_50_JOMARCA.jpg","https://res.cloudinary.com/dbpq32fiq/image/upload/f_auto,q_auto/v1764168776/imagens_otimizadas_marketplace/2_PARAF_A_A_CHATA_PHS_5_5_X_50_JOMARCA.jpg"
1_DESEMP_ACO_DENTADA_CASTOR_12X40_225.jpg,"https://res.cloudinary.com/dbpq32fiq/image/upload/f_auto,q_auto/v1764168776/imagens_otimizadas_marketplace/1_DESEMP_ACO_DENTADA_CASTOR_12X40_225.jpg"
3_SERROTE_EDA_PROFISSIONAL_22_CB_EMBORR.jpg,"https://res.cloudinary.com/dbpq32fiq/image/upload/f_auto,q_auto/v1764168777/imagens_otimizadas_marketplace/3_SERROTE_EDA_PROFISSIONAL_22_CB_EMBORR.jpg"
1_CHAVE_FIXA_TRAMONTINA_10_X_11.jpg,"https://res.cloudinary.com/dbpq32fiq/image/upload/f_auto,q_auto/v1764168778/imagens_otimizadas_marketplace/1_CHAVE_FIXA_TRAMONTINA_10_X_11.jpg"
1_ESP_TRAMONTINA_LIZ_4X4_2INT_57106_023.jpg,"https://res.cloudinary.com/dbpq32fiq/image/upload/f_auto,q_auto/v1764168779/imagens_otimizadas_marketplace/1_ESP_TRAMONTINA_LIZ_4X4_2INT_57106_023.jpg"
3_CANTON_P_MOVEIS_ZAMAR_BICROM_1.1_2_C_50.jpg,"https://res.cloudinary.com/dbpq32fiq/image/upload/f_auto,q_auto/v1764168780/imagens_otimizadas_marketplace/3_CANTON_P_MOVEIS_ZAMAR_BICROM_1.1_2_C_50.jpg"
1_DISCO_FLAP_WAVES_4.1_2_X_40.jpg,"https://res.cloudinary.com/dbpq32fiq/image/upload/f_auto,q_auto/v1764168781/imagens_otimizadas_marketplace/1_DISCO_FLAP_WAVES_4.1_2_X_40.jpg"
2_LONA_CARRETEIRO_BRASFORT__3X3_AZUL_8595.jpg,"https://res.cloudinary.com/dbpq32fiq/image/upload/f_auto,q_auto/v1764168782/imagens_otimizadas_marketplace/2_LONA_CARRETEIRO_BRASFORT__3X3_AZUL_8595.jpg"
1_DISCO_DIAM_NORTON_FINO_PORCELANATO.jpg,"https://res.cloudinary.com/dbpq32fiq/image/upload/f_auto,q_auto/v1764168784/imagens_otimizadas_marketplace/1_DISCO_DIAM_NORTON_FINO_PORCELANATO.jpg"
2_REGUA_LISA_ALUM.2_X1_2MT_FRISADA_PERFIL.jpg,"https://res.cloudinary.com/dbpq32fiq/image/upload/f_auto,q_auto/v1764168785/imagens_otimizadas_marketplace/2_REGUA_LISA_ALUM.2_X1_2MT_FRISADA_PERFIL.jpg"
3_CADEADO_C_SEGREDO_STAM_25.jpg,"https://res.cloudinary.com/dbpq32fiq/image/upload/f_auto,q_auto/v1764168786/imagens_otimizadas_marketplace/3_CADEADO_C_SEGREDO_STAM_25.jpg"
2_LIXA_BOSCH_MASSA_150_C_25.jpg,"https://res.cloudinary.com/dbpq32fiq/image/upload/f_auto,q_auto/v1764168787/imagens_otimizadas_marketplace/2_LIXA_BOSCH_MASSA_150_C_25.jpg"
1_FECHO_P_CADEADO_INCA_4_DZ.jpg,"https://res.cloudinary.com/dbpq32fiq/image/upload/f_auto,q_auto/v1764168788/imagens_otimizadas_marketplace/1_FECHO_P_CADEADO_INCA_4_DZ.jpg"
2_CHAVE_FIXA_TRAMONTINA_10_X_11.jpg,"https://res.cloudinary.com/dbpq32fiq/image/upload/f_auto,q_auto/v1764168790/imagens_otimizadas_marketplace/2_CHAVE_FIXA_TRAMONTINA_10_X_11.jpg"
1_DENVERFITA_RL_30CM_X_10MTS_ONU__N_A.jpg,"https://res.cloudinary.com/dbpq32fiq/image/upload/f_auto,q_auto/v1764168790/imagens_otimizadas_marketplace/1_DENVERFITA_RL_30CM_X_10MTS_ONU__N_A.jpg"
3_DESEMP_ACO_DENTADA_GALO_12X29_212_3.jpg,"https://res.cloudinary.com/dbpq32fiq/image/upload/f_auto,q_auto/v1764168792/imagens_otimizadas_marketplace/3_DESEMP_ACO_DENTADA_GALO_12X29_212_3.jpg"
3_ROLO_TIGRE_DE_LA_SINTETICA_REF.1312_23CM.jpg,"https://res.cloudinary.com/dbpq32fiq/image/upload/f_auto,q_auto/v1764168793/imagens_otimizadas_marketplace/3_ROLO_TIGRE_DE_LA_SINTETICA_REF.1312_23CM.jpg"
1_REBITE_FIX_ALL_AL.REPUXO_RM310_C_1000.jpg,"https://res.cloudinary.com/dbpq32fiq/image/upload/f_auto,q_auto/v1764168796/imagens_otimizadas_marketplace/1_REBITE_FIX_ALL_AL.REPUXO_RM310_C_1000.jpg"
1_PRUMO_DE_ACO_RAMADA_3_-_500_GRS.jpg,"https://res.cloudinary.com/dbpq32fiq/image/upload/f_auto,q_auto/v1764168798/imagens_otimizadas_marketplace/1_PRUMO_DE_ACO_RAMADA_3_-_500_GRS.jpg"
1_RECEPTACULO_CANIELLO_LATAO_1451.jpg,"https://res.cloudinary.com/dbpq32fiq/image/upload/f_auto,q_auto/v1764168799/imagens_otimizadas_marketplace/1_RECEPTACULO_CANIELLO_LATAO_1451.jpg"
3_NUMERO_COLONIAL_EMAVE_0_DOURADO.jpg,"https://res.cloudinary.com/dbpq32fiq/image/upload/f_auto,q_auto/v1764168800/imagens_otimizadas_marketplace/3_NUMERO_COLONIAL_EMAVE_0_DOURADO.jpg"
1_LONA_PRETA_NEGREIRA_4X_50_GROSSA_13KG.jpg,"https://res.cloudinary.com/dbpq32fiq/image/upload/f_auto,q_auto/v1764168801/imagens_otimizadas_marketplace/1_LONA_PRETA_NEGREIRA_4X_50_GROSSA_13KG.jpg"
1_DENVERFITA_RL_20CM_X_10MTS_ONU__N_A.jpg,"https://res.cloudinary.com/dbpq32fiq/image/upload/f_auto,q_auto/v1764168802/imagens_otimizadas_marketplace/1_DENVERFITA_RL_20CM_X_10MTS_ONU__N_A.jpg"
3_GRAXA_USO_GERAL_NOBRE__95GR.jpg,"https://res.cloudinary.com/dbpq32fiq/image/upload/f_auto,q_auto/v1764168803/imagens_otimizadas_marketplace/3_GRAXA_USO_GERAL_NOBRE__95GR.jpg"
3_DISCO_DIAM_WAVES_PLUS_TURBO.jpg,"https://res.cloudinary.com/dbpq32fiq/image/upload/f_auto,q_auto/v1764168804/imagens_otimizadas_marketplace/3_DISCO_DIAM_WAVES_PLUS_TURBO.jpg"
"2_PARAF_A_A_CHATA_PHS_4,8_X_16_JOMARCA.jpg","https://res.cloudinary.com/dbpq32fiq/image/upload/f_auto,q_auto/v1764168805/imagens_otimizadas_marketplace/2_PARAF_A_A_CHATA_PHS_4_8_X_16_JOMARCA.jpg"
3_FITA_CREPE_ADELBRAS_48MMX50MT_MASK-CREPE.jpg,"https://res.cloudinary.com/dbpq32fiq/image/upload/f_auto,q_auto/v1764168806/imagens_otimizadas_marketplace/3_FITA_CREPE_ADELBRAS_48MMX50MT_MASK-CREPE.jpg"
2_PORCA_TORNEADA_JMC_ZINC_B_5_32_(NC).jpg,"https://res.cloudinary.com/dbpq32fiq/image/upload/f_auto,q_auto/v1764168807/imagens_otimizadas_marketplace/2_PORCA_TORNEADA_JMC_ZINC_B_5_32__NC.jpg"
2_PO_XADREZ_250GR_AZUL.jpg,"https://res.cloudinary.com/dbpq32fiq/image/upload/f_auto,q_auto/v1764168808/imagens_otimizadas_marketplace/2_PO_XADREZ_250GR_AZUL.jpg"
2_ESPATULA_COMPEL_ACO_10_C_CABO_MADEIRA.jpg,"https://res.cloudinary.com/dbpq32fiq/image/upload/f_auto,q_auto/v1764168809/imagens_otimizadas_marketplace/2_ESPATULA_COMPEL_ACO_10_C_CABO_MADEIRA.jpg"
3_FITA_PERFURADA_17MM_CAIXA_C_10MT_ANCORA.jpg,"https://res.cloudinary.com/dbpq32fiq/image/upload/f_auto,q_auto/v1764168810/imagens_otimizadas_marketplace/3_FITA_PERFURADA_17MM_CAIXA_C_10MT_ANCORA.jpg"
1_ESGUI_REVOLVER_GARDEN.jpg,"https://res.cloudinary.com/dbpq32fiq/image/upload/f_auto,q_auto/v1764168811/imagens_otimizadas_marketplace/1_ESGUI_REVOLVER_GARDEN.jpg"
"3_ESPAC.PISO_AZ_ROSCA_1,0MM_COMPEL_C_100.jpg","https://res.cloudinary.com/dbpq32fiq/image/upload/f_auto,q_auto/v1764168812/imagens_otimizadas_marketplace/3_ESPAC.PISO_AZ_ROSCA_1_0MM_COMPEL_C_100.jpg"
1_TUBO_PLASTILIT_MARROM_B_3_4_BARRA_6MT.jpg,"https://res.cloudinary.com/dbpq32fiq/image/upload/f_auto,q_auto/v1764168813/imagens_otimizadas_marketplace/1_TUBO_PLASTILIT_MARROM_B_3_4_BARRA_6MT.jpg"
2_DESEMP_PVC_EMAVE_AZUL_CORRUGADA_18X30.jpg,"https://res.cloudinary.com/dbpq32fiq/image/upload/f_auto,q_auto/v1764168814/imagens_otimizadas_marketplace/2_DESEMP_PVC_EMAVE_AZUL_CORRUGADA_18X30.jpg"
1_NUMERO_COLONIAL_EMAVE_3_DOURADO.jpg,"https://res.cloudinary.com/dbpq32fiq/image/upload/f_auto,q_auto/v1764168816/imagens_otimizadas_marketplace/1_NUMERO_COLONIAL_EMAVE_3_DOURADO.jpg"
1_DISCO_DIAM_QUARTZOLIT_ULTRA_FINO_PORC.jpg,"https://res.cloudinary.com/dbpq32fiq/image/upload/f_auto,q_auto/v1764168817/imagens_otimizadas_marketplace/1_DISCO_DIAM_QUARTZOLIT_ULTRA_FINO_PORC.jpg"
2_BROCA_IRWIN_WIDEA__6MM.jpg,"https://res.cloudinary.com/dbpq32fiq/image/upload/f_auto,q_auto/v1764168819/imagens_otimizadas_marketplace/2_BROCA_IRWIN_WIDEA__6MM.jpg"
1_CASCOLA__85GR_MONTA_FIXA_HENKEL.jpg,"https://res.cloudinary.com/dbpq32fiq/image/upload/f_auto,q_auto/v1764168820/imagens_otimizadas_marketplace/1_CASCOLA__85GR_MONTA_FIXA_HENKEL.jpg"
1_FECHAD_ALIANCA_1500_100_PORTAO.jpg,"https://res.cloudinary.com/dbpq32fiq/image/upload/f_auto,q_auto/v1764168821/imagens_otimizadas_marketplace/1_FECHAD_ALIANCA_1500_100_PORTAO.jpg"
3_GRELHA_INOX_QUAD_10_ROTATORIA_OVERTIME.jpg,"https://res.cloudinary.com/dbpq32fiq/image/upload/f_auto,q_auto/v1764168823/imagens_otimizadas_marketplace/3_GRELHA_INOX_QUAD_10_ROTATORIA_OVERTIME.jpg"
3_TRINCHA_ATLAS_319_D_1.1_2.jpg,"https://res.cloudinary.com/dbpq32fiq/image/upload/f_auto,q_auto/v1764168824/imagens_otimizadas_marketplace/3_TRINCHA_ATLAS_319_D_1.1_2.jpg"
1_PARAF_AUTO_BROCANTE_CHATA_PHS_42X38_1230.jpg,"https://res.cloudinary.com/dbpq32fiq/image/upload/f_auto,q_auto/v1764168826/imagens_otimizadas_marketplace/1_PARAF_AUTO_BROCANTE_CHATA_PHS_42X38_1230.jpg"
1_TUBO_TIGRE_MARROM_B_3_4_BARRA_C_6MT.jpg,"https://res.cloudinary.com/dbpq32fiq/image/upload/f_auto,q_auto/v1764168827/imagens_otimizadas_marketplace/1_TUBO_TIGRE_MARROM_B_3_4_BARRA_C_6MT.jpg"
3_SERRA_CIRC_WIDEA_HAMMER_4.3_8X24X20.jpg,"https://res.cloudinary.com/dbpq32fiq/image/upload/f_auto,q_auto/v1764168828/imagens_otimizadas_marketplace/3_SERRA_CIRC_WIDEA_HAMMER_4.3_8X24X20.jpg"
1_FACAO_TRAMONTINA__16.jpg,"https://res.cloudinary.com/dbpq32fiq/image/upload/f_auto,q_auto/v1764168830/imagens_otimizadas_marketplace/1_FACAO_TRAMONTINA__16.jpg"
3_MANG_TRANC.CRISTAL_CONJ.30MT_OLIPLAS.jpg,"https://res.cloudinary.com/dbpq32fiq/image/upload/f_auto,q_auto/v1764168831/imagens_otimizadas_marketplace/3_MANG_TRANC.CRISTAL_CONJ.30MT_OLIPLAS.jpg"
3_PORCA_TORNEADA_E_5_16_(NC).jpg,"https://res.cloudinary.com/dbpq32fiq/image/upload/f_auto,q_auto/v1764168832/imagens_otimizadas_marketplace/3_PORCA_TORNEADA_E_5_16__NC.jpg"
3_CARRINHO_PEDR_FISCHER_PNEU_CAMARA_60L_VM.jpg,"https://res.cloudinary.com/dbpq32fiq/image/upload/f_auto,q_auto/v1764168838/imagens_otimizadas_marketplace/3_CARRINHO_PEDR_FISCHER_PNEU_CAMARA_60L_VM.jpg"
2_BARRA_ROSQ.JOMARCA_1MT_POLI_D_3_8_NC.jpg,"https://res.cloudinary.com/dbpq32fiq/image/upload/f_auto,q_auto/v1764168839/imagens_otimizadas_marketplace/2_BARRA_ROSQ.JOMARCA_1MT_POLI_D_3_8_NC.jpg"
1_COLHER_PACETTA_CANTO_OVAL_2048_-_09.jpg,"https://res.cloudinary.com/dbpq32fiq/image/upload/f_auto,q_auto/v1764168840/imagens_otimizadas_marketplace/1_COLHER_PACETTA_CANTO_OVAL_2048_-_09.jpg"
3_CENTRI_THOMP_PVC_12_16_DISJ_BR_EMB.jpg,"https://res.cloudinary.com/dbpq32fiq/image/upload/f_auto,q_auto/v1764168841/imagens_otimizadas_marketplace/3_CENTRI_THOMP_PVC_12_16_DISJ_BR_EMB.jpg"
"2_CABO_CHUPETA_P_BATERIA_2,40MTPR_VM_EDA.jpg","https://res.cloudinary.com/dbpq32fiq/image/upload/f_auto,q_auto/v1764168843/imagens_otimizadas_marketplace/2_CABO_CHUPETA_P_BATERIA_2_40MTPR_VM_EDA.jpg"
2_FITA_CREPE_3M_18MM_X_50MT.jpg,"https://res.cloudinary.com/dbpq32fiq/image/upload/f_auto,q_auto/v1764168843/imagens_otimizadas_marketplace/2_FITA_CREPE_3M_18MM_X_50MT.jpg"
1_CHAVE_PHIL.TRAM._A__1_8_X_3.jpg,"https://res.cloudinary.com/dbpq32fiq/image/upload/f_auto,q_auto/v1764168844/imagens_otimizadas_marketplace/1_CHAVE_PHIL.TRAM._A__1_8_X_3.jpg"
1_OTTO_B.VEDACIT_RAPIDISSIMO_A_SACHE_900G.jpg,"https://res.cloudinary.com/dbpq32fiq/image/upload/f_auto,q_auto/v1764168845/imagens_otimizadas_marketplace/1_OTTO_B.VEDACIT_RAPIDISSIMO_A_SACHE_900G.jpg"
3_FITA_ISOL_3M_IMPERIAL_18X10_VERDE.jpg,"https://res.cloudinary.com/dbpq32fiq/image/upload/f_auto,q_auto/v1764168846/imagens_otimizadas_marketplace/3_FITA_ISOL_3M_IMPERIAL_18X10_VERDE.jpg"
2_SERROTE_RAMADA_DIAMANTE_22.jpg,"https://res.cloudinary.com/dbpq32fiq/image/upload/f_auto,q_auto/v1764168847/imagens_otimizadas_marketplace/2_SERROTE_RAMADA_DIAMANTE_22.jpg"
3_RATOEIRA_ADESIVA_TUB_RAT_KRODEC.jpg,"https://res.cloudinary.com/dbpq32fiq/image/upload/f_auto,q_auto/v1764168848/imagens_otimizadas_marketplace/3_RATOEIRA_ADESIVA_TUB_RAT_KRODEC.jpg"
2_COLHER_PACETTA_CANTO_OVAL_2048_-_10.jpg,"https://res.cloudinary.com/dbpq32fiq/image/upload/f_auto,q_auto/v1764168852/imagens_otimizadas_marketplace/2_COLHER_PACETTA_CANTO_OVAL_2048_-_10.jpg"
1_BOLSA_PRETA_P_VASO_ADAP_BACIA_ASTRA.jpg,"https://res.cloudinary.com/dbpq32fiq/image/upload/f_auto,q_auto/v1764168853/imagens_otimizadas_marketplace/1_BOLSA_PRETA_P_VASO_ADAP_BACIA_ASTRA.jpg"
3_RALINHO_P_PIA_JAPONES_GD_OVERTIME.jpg,"https://res.cloudinary.com/dbpq32fiq/image/upload/f_auto,q_auto/v1764168854/imagens_otimizadas_marketplace/3_RALINHO_P_PIA_JAPONES_GD_OVERTIME.jpg"
3_PARAF_DRYWALL_FLANG_BROCA_DLB_42_X_13.jpg,"https://res.cloudinary.com/dbpq32fiq/image/upload/f_auto,q_auto/v1764168857/imagens_otimizadas_marketplace/3_PARAF_DRYWALL_FLANG_BROCA_DLB_42_X_13.jpg"
2_FECHAD_SOPRANO_ESTREITA_0520_18.jpg,"https://res.cloudinary.com/dbpq32fiq/image/upload/f_auto,q_auto/v1764168858/imagens_otimizadas_marketplace/2_FECHAD_SOPRANO_ESTREITA_0520_18.jpg"
1_ARRUELA_LISA_ZINC_E_3_8_JOMARCA.jpg,"https://res.cloudinary.com/dbpq32fiq/image/upload/f_auto,q_auto/v1764168859/imagens_otimizadas_marketplace/1_ARRUELA_LISA_ZINC_E_3_8_JOMARCA.jpg"
3_LIXA_TATU_GK_FERRO__180_C_25.jpg,"https://res.cloudinary.com/dbpq32fiq/image/upload/f_auto,q_auto/v1764168860/imagens_otimizadas_marketplace/3_LIXA_TATU_GK_FERRO__180_C_25.jpg"
"3_CHAPIX_QUARTZOLIT_B_GL_3,6LT.jpg","https://res.cloudinary.com/dbpq32fiq/image/upload/f_auto,q_auto/v1764168862/imagens_otimizadas_marketplace/3_CHAPIX_QUARTZOLIT_B_GL_3_6LT.jpg"
1_LIXA_TATU_GK_MADEIRA_220_C_50.jpg,"https://res.cloudinary.com/dbpq32fiq/image/upload/f_auto,q_auto/v1764168863/imagens_otimizadas_marketplace/1_LIXA_TATU_GK_MADEIRA_220_C_50.jpg"
2_COLHER_BRASFORT_CANTO_RETO_-_06.jpg,"https://res.cloudinary.com/dbpq32fiq/image/upload/f_auto,q_auto/v1764168864/imagens_otimizadas_marketplace/2_COLHER_BRASFORT_CANTO_RETO_-_06.jpg"
"2_MANG_MAQ.DE_LAVAR_ENTRADA_1,40MT_IBIRA.jpg","https://res.cloudinary.com/dbpq32fiq/image/upload/f_auto,q_auto/v1764168865/imagens_otimizadas_marketplace/2_MANG_MAQ.DE_LAVAR_ENTRADA_1_40MT_IBIRA.jpg"
1_FITA_ISOL_3M_IMPERIAL__10_MTS.jpg,"https://res.cloudinary.com/dbpq32fiq/image/upload/f_auto,q_auto/v1764168866/imagens_otimizadas_marketplace/1_FITA_ISOL_3M_IMPERIAL__10_MTS.jpg"
3_PINO_MACHO_PERLEX_1041_CZ_NBR.jpg,"https://res.cloudinary.com/dbpq32fiq/image/upload/f_auto,q_auto/v1764168867/imagens_otimizadas_marketplace/3_PINO_MACHO_PERLEX_1041_CZ_NBR.jpg"
1_SERRA_CIRC_WIDEA_HAMMER_4.3_8X36X20.jpg,"https://res.cloudinary.com/dbpq32fiq/image/upload/f_auto,q_auto/v1764168867/imagens_otimizadas_marketplace/1_SERRA_CIRC_WIDEA_HAMMER_4.3_8X36X20.jpg"
"3_ESPAC.PISO_AZ_NIVELAM.1,0MM_CORTAG_C_50.jpg","https://res.cloudinary.com/dbpq32fiq/image/upload/f_auto,q_auto/v1764168869/imagens_otimizadas_marketplace/3_ESPAC.PISO_AZ_NIVELAM.1_0MM_CORTAG_C_50.jpg"
2_SOPRADOR_TERMICO_FERRARI_1500W_127V.jpg,"https://res.cloudinary.com/dbpq32fiq/image/upload/f_auto,q_auto/v1764168869/imagens_otimizadas_marketplace/2_SOPRADOR_TERMICO_FERRARI_1500W_127V.jpg"
3_ZARCAO_NATRIELLI_CINZA_1_16.jpg,"https://res.cloudinary.com/dbpq32fiq/image/upload/f_auto,q_auto/v1764168870/imagens_otimizadas_marketplace/3_ZARCAO_NATRIELLI_CINZA_1_16.jpg"
2_ROLO_COMPEL_DE_LA_15CM_S_RESPINGO.jpg,"https://res.cloudinary.com/dbpq32fiq/image/upload/f_auto,q_auto/v1764168872/imagens_otimizadas_marketplace/2_ROLO_COMPEL_DE_LA_15CM_S_RESPINGO.jpg"
3_BROCA_ACO_RAPIDO_BRASFORT_C_1_8.jpg,"https://res.cloudinary.com/dbpq32fiq/image/upload/f_auto,q_auto/v1764168872/imagens_otimizadas_marketplace/3_BROCA_ACO_RAPIDO_BRASFORT_C_1_8.jpg"
3_ENGATE_RAP.P_MANG.PVC_TRAM_78506.jpg,"https://res.cloudinary.com/dbpq32fiq/image/upload/f_auto,q_auto/v1764168874/imagens_otimizadas_marketplace/3_ENGATE_RAP.P_MANG.PVC_TRAM_78506.jpg"
1_VALVULA_PLAST_TANQUE_1.1_4_LUCONI_BRANCA.jpg,"https://res.cloudinary.com/dbpq32fiq/image/upload/f_auto,q_auto/v1764168875/imagens_otimizadas_marketplace/1_VALVULA_PLAST_TANQUE_1.1_4_LUCONI_BRANCA.jpg"
"2_BROCA_IRWIN_WIDEA_PLUS_10,0X210.jpg","https://res.cloudinary.com/dbpq32fiq/image/upload/f_auto,q_auto/v1764168877/imagens_otimizadas_marketplace/2_BROCA_IRWIN_WIDEA_PLUS_10_0X210.jpg"
2_BOTA_GRENDHA_AZUL_N.36.jpg,"https://res.cloudinary.com/dbpq32fiq/image/upload/f_auto,q_auto/v1764168878/imagens_otimizadas_marketplace/2_BOTA_GRENDHA_AZUL_N.36.jpg"
3_CABO_FERRA.ENXADA_1.50_GARAPEIRA_C_CUNHA.jpg,"https://res.cloudinary.com/dbpq32fiq/image/upload/f_auto,q_auto/v1764168879/imagens_otimizadas_marketplace/3_CABO_FERRA.ENXADA_1.50_GARAPEIRA_C_CUNHA.jpg"
2_ABAFADOR_DE_RUIDOS_16DB_DELTA_SPA3BL.jpg,"https://res.cloudinary.com/dbpq32fiq/image/upload/f_auto,q_auto/v1764168880/imagens_otimizadas_marketplace/2_ABAFADOR_DE_RUIDOS_16DB_DELTA_SPA3BL.jpg"
1_PISTOLA_P__SILICONE_BIV_40W_GD_EDA.jpg,"https://res.cloudinary.com/dbpq32fiq/image/upload/f_auto,q_auto/v1764168885/imagens_otimizadas_marketplace/1_PISTOLA_P__SILICONE_BIV_40W_GD_EDA.jpg"
3_ASSENTO_ATLAS_ALMOFADADO_BRANCO.jpg,"https://res.cloudinary.com/dbpq32fiq/image/upload/f_auto,q_auto/v1764168887/imagens_otimizadas_marketplace/3_ASSENTO_ATLAS_ALMOFADADO_BRANCO.jpg"
"1_PIA_ACO_INOX__1,50MT_GHEL_PLUS.jpg","https://res.cloudinary.com/dbpq32fiq/image/upload/f_auto,q_auto/v1764168888/imagens_otimizadas_marketplace/1_PIA_ACO_INOX__1_50MT_GHEL_PLUS.jpg"
3_COND_CORRUG_AMARELO_B_5_8_R_50.jpg,"https://res.cloudinary.com/dbpq32fiq/image/upload/f_auto,q_auto/v1764168889/imagens_otimizadas_marketplace/3_COND_CORRUG_AMARELO_B_5_8_R_50.jpg"
1_BARRA_ROSQ.JOMARCA_1MT_ZINC_C_5_16_(NC).jpg,"https://res.cloudinary.com/dbpq32fiq/image/upload/f_auto,q_auto/v1764168891/imagens_otimizadas_marketplace/1_BARRA_ROSQ.JOMARCA_1MT_ZINC_C_5_16__NC.jpg"
"1_BROCA_IRWIN_ACO_RAPIDO___2,5MM.jpg","https://res.cloudinary.com/dbpq32fiq/image/upload/f_auto,q_auto/v1764168891/imagens_otimizadas_marketplace/1_BROCA_IRWIN_ACO_RAPIDO___2_5MM.jpg"
1_DOBRAD_SILVANA_POLIDA_850X2_____C_24_521.jpg,"https://res.cloudinary.com/dbpq32fiq/image/upload/f_auto,q_auto/v1764168892/imagens_otimizadas_marketplace/1_DOBRAD_SILVANA_POLIDA_850X2_____C_24_521.jpg"
1_PILHA_PANASONIC_AAA4_DISP.TORRE_C_40.jpg,"https://res.cloudinary.com/dbpq32fiq/image/upload/f_auto,q_auto/v1764168893/imagens_otimizadas_marketplace/1_PILHA_PANASONIC_AAA4_DISP.TORRE_C_40.jpg"
1_CHAVE_COMBINADA_CATRACADA_EDA_10MM.jpg,"https://res.cloudinary.com/dbpq32fiq/image/upload/f_auto,q_auto/v1764168895/imagens_otimizadas_marketplace/1_CHAVE_COMBINADA_CATRACADA_EDA_10MM.jpg"
3_LUVA_ESGOTO_PLASTILIT__75_X_75_BR.jpg,"https://res.cloudinary.com/dbpq32fiq/image/upload/f_auto,q_auto/v1764168896/imagens_otimizadas_marketplace/3_LUVA_ESGOTO_PLASTILIT__75_X_75_BR.jpg"
1_CADEADO_PAPAIZ_25.jpg,"https://res.cloudinary.com/dbpq32fiq/image/upload/f_auto,q_auto/v1764168897/imagens_otimizadas_marketplace/1_CADEADO_PAPAIZ_25.jpg"
1_COTOVELO_PLASTILIT_LL_N_1.1_2X45_MARROM.jpg,"https://res.cloudinary.com/dbpq32fiq/image/upload/f_auto,q_auto/v1764168899/imagens_otimizadas_marketplace/1_COTOVELO_PLASTILIT_LL_N_1.1_2X45_MARROM.jpg"
1_FITA_EMBAL_3M_48X50_TRANSPARENTE.jpg,"https://res.cloudinary.com/dbpq32fiq/image/upload/f_auto,q_auto/v1764168900/imagens_otimizadas_marketplace/1_FITA_EMBAL_3M_48X50_TRANSPARENTE.jpg"
3_BARRA_ROSQ.JOMARCA_1MT_POLI_D_3_8_NC.jpg,"https://res.cloudinary.com/dbpq32fiq/image/upload/f_auto,q_auto/v1764168901/imagens_otimizadas_marketplace/3_BARRA_ROSQ.JOMARCA_1MT_POLI_D_3_8_NC.jpg"
3_KIT_P_PINTURA_ROMA_FLEX_655-02_C_3PCS.jpg,"https://res.cloudinary.com/dbpq32fiq/image/upload/f_auto,q_auto/v1764168901/imagens_otimizadas_marketplace/3_KIT_P_PINTURA_ROMA_FLEX_655-02_C_3PCS.jpg"
3_CHAVE_ESTRELA_TRAMONTINA_12_X_13.jpg,"https://res.cloudinary.com/dbpq32fiq/image/upload/f_auto,q_auto/v1764168902/imagens_otimizadas_marketplace/3_CHAVE_ESTRELA_TRAMONTINA_12_X_13.jpg"
2_CABO_FERRA.P_PA_GARAPEIRA_1MT_FORTE.jpg,"https://res.cloudinary.com/dbpq32fiq/image/upload/f_auto,q_auto/v1764168903/imagens_otimizadas_marketplace/2_CABO_FERRA.P_PA_GARAPEIRA_1MT_FORTE.jpg"
2_FECHO_P_CADEADO_SILVANA_460X3_ZINC_DZ.jpg,"https://res.cloudinary.com/dbpq32fiq/image/upload/f_auto,q_auto/v1764168904/imagens_otimizadas_marketplace/2_FECHO_P_CADEADO_SILVANA_460X3_ZINC_DZ.jpg"
3_FITA_CREPE_3M_18MM_X_50MT.jpg,"https://res.cloudinary.com/dbpq32fiq/image/upload/f_auto,q_auto/v1764168905/imagens_otimizadas_marketplace/3_FITA_CREPE_3M_18MM_X_50MT.jpg"
1_MASSA_PLASTICA_400GR_PLASTIC_BRANCA.jpg,"https://res.cloudinary.com/dbpq32fiq/image/upload/f_auto,q_auto/v1764168907/imagens_otimizadas_marketplace/1_MASSA_PLASTICA_400GR_PLASTIC_BRANCA.jpg"
1_JG.CHAVES_FENDA_TRAMONTINA_AMARELA_6PCS.jpg,"https://res.cloudinary.com/dbpq32fiq/image/upload/f_auto,q_auto/v1764168908/imagens_otimizadas_marketplace/1_JG.CHAVES_FENDA_TRAMONTINA_AMARELA_6PCS.jpg"
1_FITA_ALTA_FUSAO_TENSAO_3M____2MTS.jpg,"https://res.cloudinary.com/dbpq32fiq/image/upload/f_auto,q_auto/v1764168909/imagens_otimizadas_marketplace/1_FITA_ALTA_FUSAO_TENSAO_3M____2MTS.jpg"
3_TESTE_VOLTAG.ELETRICA_110-460V_BRASF8050.jpg,"https://res.cloudinary.com/dbpq32fiq/image/upload/f_auto,q_auto/v1764168910/imagens_otimizadas_marketplace/3_TESTE_VOLTAG.ELETRICA_110-460V_BRASF8050.jpg"
1_RALO_LINEAR_MODULAVEL_HERC_70CM_BR_C_SIF.jpg,"https://res.cloudinary.com/dbpq32fiq/image/upload/f_auto,q_auto/v1764168911/imagens_otimizadas_marketplace/1_RALO_LINEAR_MODULAVEL_HERC_70CM_BR_C_SIF.jpg"
3_TEE_ESGOTO_PLASTILIT_100_X_100_BR.jpg,"https://res.cloudinary.com/dbpq32fiq/image/upload/f_auto,q_auto/v1764168912/imagens_otimizadas_marketplace/3_TEE_ESGOTO_PLASTILIT_100_X_100_BR.jpg"
2_COLHER_BRASFORT_CANTO_RETO_-_07.jpg,"https://res.cloudinary.com/dbpq32fiq/image/upload/f_auto,q_auto/v1764168913/imagens_otimizadas_marketplace/2_COLHER_BRASFORT_CANTO_RETO_-_07.jpg"
3_CABO_FERRA.ENXADA_1.50_EUCALIPTO_C_CUNHA.jpg,"https://res.cloudinary.com/dbpq32fiq/image/upload/f_auto,q_auto/v1764168914/imagens_otimizadas_marketplace/3_CABO_FERRA.ENXADA_1.50_EUCALIPTO_C_CUNHA.jpg"
2_PARAF_CHIPBOARD_CHATA_PHS_3.5_X_16_3120.jpg,"https://res.cloudinary.com/dbpq32fiq/image/upload/f_auto,q_auto/v1764168916/imagens_otimizadas_marketplace/2_PARAF_CHIPBOARD_CHATA_PHS_3.5_X_16_3120.jpg"
3_THINNER_NATRIELLI_8116_900ML.jpg,"https://res.cloudinary.com/dbpq32fiq/image/upload/f_auto,q_auto/v1764168917/imagens_otimizadas_marketplace/3_THINNER_NATRIELLI_8116_900ML.jpg"
"2_PORTA_SANF_PLASTILIT_0,70X2.10_BRANCA.jpg","https://res.cloudinary.com/dbpq32fiq/image/upload/f_auto,q_auto/v1764168918/imagens_otimizadas_marketplace/2_PORTA_SANF_PLASTILIT_0_70X2.10_BRANCA.jpg"
2_ROLO_ATLAS_ESP.POLIESTER_09CM_606.jpg,"https://res.cloudinary.com/dbpq32fiq/image/upload/f_auto,q_auto/v1764168919/imagens_otimizadas_marketplace/2_ROLO_ATLAS_ESP.POLIESTER_09CM_606.jpg"
2_COLHER_PACETTA_CANTO_OVAL_2048_-_09.jpg,"https://res.cloudinary.com/dbpq32fiq/image/upload/f_auto,q_auto/v1764168920/imagens_otimizadas_marketplace/2_COLHER_PACETTA_CANTO_OVAL_2048_-_09.jpg"
2_SIST_X_ALUMBRA_CANALETA_BR_C_FITA_20X2MT.jpg,"https://res.cloudinary.com/dbpq32fiq/image/upload/f_auto,q_auto/v1764168921/imagens_otimizadas_marketplace/2_SIST_X_ALUMBRA_CANALETA_BR_C_FITA_20X2MT.jpg"
3_FECHAD_ALIANCA_-1031_BL_MILLENIO_BO.EXT.jpg,"https://res.cloudinary.com/dbpq32fiq/image/upload/f_auto,q_auto/v1764168923/imagens_otimizadas_marketplace/3_FECHAD_ALIANCA_-1031_BL_MILLENIO_BO.EXT.jpg"
1_REBITE_FIX_ALL_AL.REPUXO_RM412_C_1000.jpg,"https://res.cloudinary.com/dbpq32fiq/image/upload/f_auto,q_auto/v1764168923/imagens_otimizadas_marketplace/1_REBITE_FIX_ALL_AL.REPUXO_RM412_C_1000.jpg"
1_PARAF_SEX.FERRO_B_5_16_X_2_1_2_JOMARCA.jpg,"https://res.cloudinary.com/dbpq32fiq/image/upload/f_auto,q_auto/v1764168925/imagens_otimizadas_marketplace/1_PARAF_SEX.FERRO_B_5_16_X_2_1_2_JOMARCA.jpg"
1_CAIXA_SIF.PLASTILIT_QUADR_BR_10X10X50.jpg,"https://res.cloudinary.com/dbpq32fiq/image/upload/f_auto,q_auto/v1764168926/imagens_otimizadas_marketplace/1_CAIXA_SIF.PLASTILIT_QUADR_BR_10X10X50.jpg"
2_LIXA_NORTON_FERRO__80_C_25.jpg,"https://res.cloudinary.com/dbpq32fiq/image/upload/f_auto,q_auto/v1764168926/imagens_otimizadas_marketplace/2_LIXA_NORTON_FERRO__80_C_25.jpg"
"3_FIO_CABO_P_INF.PATCH_CORD_RJ568_2,10M_IN.jpg","https://res.cloudinary.com/dbpq32fiq/image/upload/f_auto,q_auto/v1764168927/imagens_otimizadas_marketplace/3_FIO_CABO_P_INF.PATCH_CORD_RJ568_2_10M_IN.jpg"
1_COLA_MADEIRA___90GR_PULVITEC.jpg,"https://res.cloudinary.com/dbpq32fiq/image/upload/f_auto,q_auto/v1764168929/imagens_otimizadas_marketplace/1_COLA_MADEIRA___90GR_PULVITEC.jpg"
1_CAVADEIRA_2_CABOS_MAX.jpg,"https://res.cloudinary.com/dbpq32fiq/image/upload/f_auto,q_auto/v1764168930/imagens_otimizadas_marketplace/1_CAVADEIRA_2_CABOS_MAX.jpg"
3_ESP_TRAMONTINA_LUX_4X2_3INT_57105_007.jpg,"https://res.cloudinary.com/dbpq32fiq/image/upload/f_auto,q_auto/v1764168931/imagens_otimizadas_marketplace/3_ESP_TRAMONTINA_LUX_4X2_3INT_57105_007.jpg"
1_PORCA_TORNEADA_H_1_2_(NC).jpg,"https://res.cloudinary.com/dbpq32fiq/image/upload/f_auto,q_auto/v1764168932/imagens_otimizadas_marketplace/1_PORCA_TORNEADA_H_1_2__NC.jpg"
3_CAVADEIRA_2_CABOS_MAX_LIGHT.jpg,"https://res.cloudinary.com/dbpq32fiq/image/upload/f_auto,q_auto/v1764168933/imagens_otimizadas_marketplace/3_CAVADEIRA_2_CABOS_MAX_LIGHT.jpg"
1_LUVA__CONSTRUCAO_VE730_09_DELTA_PLUS.jpg,"https://res.cloudinary.com/dbpq32fiq/image/upload/f_auto,q_auto/v1764168935/imagens_otimizadas_marketplace/1_LUVA__CONSTRUCAO_VE730_09_DELTA_PLUS.jpg"
2_CANTON_P_MOVEIS_ZAMAR_BICROM_3__C_25.jpg,"https://res.cloudinary.com/dbpq32fiq/image/upload/f_auto,q_auto/v1764168936/imagens_otimizadas_marketplace/2_CANTON_P_MOVEIS_ZAMAR_BICROM_3__C_25.jpg"
3_BUCHA_RED.GARDEN_3_4_X_1_2_ZAMAC.jpg,"https://res.cloudinary.com/dbpq32fiq/image/upload/f_auto,q_auto/v1764168937/imagens_otimizadas_marketplace/3_BUCHA_RED.GARDEN_3_4_X_1_2_ZAMAC.jpg"
1_REDUCAO_ESGOTO_PLASTILIT__50_X_40_BR.jpg,"https://res.cloudinary.com/dbpq32fiq/image/upload/f_auto,q_auto/v1764168937/imagens_otimizadas_marketplace/1_REDUCAO_ESGOTO_PLASTILIT__50_X_40_BR.jpg"
2_PARAF_CHIPBOARD_CHATA_PHS_3.5_X_30_3124.jpg,"https://res.cloudinary.com/dbpq32fiq/image/upload/f_auto,q_auto/v1764168938/imagens_otimizadas_marketplace/2_PARAF_CHIPBOARD_CHATA_PHS_3.5_X_30_3124.jpg"
2_ZARCAO_NATRIELLI_CINZA_1_4.jpg,"https://res.cloudinary.com/dbpq32fiq/image/upload/f_auto,q_auto/v1764168939/imagens_otimizadas_marketplace/2_ZARCAO_NATRIELLI_CINZA_1_4.jpg"
3_ADAP_INTERNO_PLASBOHN_A_1_2_PRETO.jpg,"https://res.cloudinary.com/dbpq32fiq/image/upload/f_auto,q_auto/v1764168941/imagens_otimizadas_marketplace/3_ADAP_INTERNO_PLASBOHN_A_1_2_PRETO.jpg"
3_JUNCAO_ESGOTO_PLASTILIT__75_X_50_BR.jpg,"https://res.cloudinary.com/dbpq32fiq/image/upload/f_auto,q_auto/v1764168943/imagens_otimizadas_marketplace/3_JUNCAO_ESGOTO_PLASTILIT__75_X_50_BR.jpg"
3_ESCOVA_ACO_S_CABO_COMPEL_6FILEIRAS.jpg,"https://res.cloudinary.com/dbpq32fiq/image/upload/f_auto,q_auto/v1764168944/imagens_otimizadas_marketplace/3_ESCOVA_ACO_S_CABO_COMPEL_6FILEIRAS.jpg"
2_LUVA_CORRER_SOLDÁVEL_25MM_CB.jpg,"https://res.cloudinary.com/dbpq32fiq/image/upload/f_auto,q_auto/v1764168945/imagens_otimizadas_marketplace/2_LUVA_CORRER_SOLD%C3%81VEL_25MM_CB.jpg"
3_TANQUE_PLASTICO_ASTRA_PQ_BR_13L_47X43X27.jpg,"https://res.cloudinary.com/dbpq32fiq/image/upload/f_auto,q_auto/v1764168947/imagens_otimizadas_marketplace/3_TANQUE_PLASTICO_ASTRA_PQ_BR_13L_47X43X27.jpg"
2_PARAF_SEX.ROS.SOBERBA_5_16_X60.jpg,"https://res.cloudinary.com/dbpq32fiq/image/upload/f_auto,q_auto/v1764168948/imagens_otimizadas_marketplace/2_PARAF_SEX.ROS.SOBERBA_5_16_X60.jpg"
1_CAPACETE_SEGUR.PLAST.MAST_SAFETY_AMAR.jpg,"https://res.cloudinary.com/dbpq32fiq/image/upload/f_auto,q_auto/v1764168949/imagens_otimizadas_marketplace/1_CAPACETE_SEGUR.PLAST.MAST_SAFETY_AMAR.jpg"
3_ROLO_TIGRE_ESP.POLIEST.REF.1341_15CM.jpg,"https://res.cloudinary.com/dbpq32fiq/image/upload/f_auto,q_auto/v1764168950/imagens_otimizadas_marketplace/3_ROLO_TIGRE_ESP.POLIEST.REF.1341_15CM.jpg"
1_COTOVELO_ESGOTO_PLASTILIT_100X90_BR.jpg,"https://res.cloudinary.com/dbpq32fiq/image/upload/f_auto,q_auto/v1764168951/imagens_otimizadas_marketplace/1_COTOVELO_ESGOTO_PLASTILIT_100X90_BR.jpg"
1_COLUNA_P_LAVAT_DECA_IZY_BR.jpg,"https://res.cloudinary.com/dbpq32fiq/image/upload/f_auto,q_auto/v1764168953/imagens_otimizadas_marketplace/1_COLUNA_P_LAVAT_DECA_IZY_BR.jpg"
1_COLA_BRANCA_POLYFIX_1KG_PULVITEC.jpg,"https://res.cloudinary.com/dbpq32fiq/image/upload/f_auto,q_auto/v1764168955/imagens_otimizadas_marketplace/1_COLA_BRANCA_POLYFIX_1KG_PULVITEC.jpg"
3_ADAP_C_FLANGE_PLASTILIT_E_1.1_2_MARROM.jpg,"https://res.cloudinary.com/dbpq32fiq/image/upload/f_auto,q_auto/v1764168956/imagens_otimizadas_marketplace/3_ADAP_C_FLANGE_PLASTILIT_E_1.1_2_MARROM.jpg"
1_GRAXA_DE_LITIO_BRANCA_NAUTICA_GARIN__80G.jpg,"https://res.cloudinary.com/dbpq32fiq/image/upload/f_auto,q_auto/v1764168957/imagens_otimizadas_marketplace/1_GRAXA_DE_LITIO_BRANCA_NAUTICA_GARIN__80G.jpg"
3_RATOEIRA_ADESIVA_PEGA_RATO_KRODEC.jpg,"https://res.cloudinary.com/dbpq32fiq/image/upload/f_auto,q_auto/v1764168959/imagens_otimizadas_marketplace/3_RATOEIRA_ADESIVA_PEGA_RATO_KRODEC.jpg"
3_MANG_SUPER_MAX_AMAR_3_8_IBIRA_50MT_3305.jpg,"https://res.cloudinary.com/dbpq32fiq/image/upload/f_auto,q_auto/v1764168964/imagens_otimizadas_marketplace/3_MANG_SUPER_MAX_AMAR_3_8_IBIRA_50MT_3305.jpg"
1_REGULADOR_GAS_ALIANCA_GRANDE_506_01.jpg,"https://res.cloudinary.com/dbpq32fiq/image/upload/f_auto,q_auto/v1764168966/imagens_otimizadas_marketplace/1_REGULADOR_GAS_ALIANCA_GRANDE_506_01.jpg"
2_CHAVE_VIRAR_FERRO_SAO_ROMAO_B_1_2.jpg,"https://res.cloudinary.com/dbpq32fiq/image/upload/f_auto,q_auto/v1764168966/imagens_otimizadas_marketplace/2_CHAVE_VIRAR_FERRO_SAO_ROMAO_B_1_2.jpg"
"2_PARAF_A_A_CHATA_PHS_4,8_X_13_JOMARCA.jpg","https://res.cloudinary.com/dbpq32fiq/image/upload/f_auto,q_auto/v1764168967/imagens_otimizadas_marketplace/2_PARAF_A_A_CHATA_PHS_4_8_X_13_JOMARCA.jpg"
3_RESIST.ORIG.L&C_DUCHA_DUOSHOWE_6800W220V.jpg,"https://res.cloudinary.com/dbpq32fiq/image/upload/f_auto,q_auto/v1764168968/imagens_otimizadas_marketplace/3_RESIST.ORIG.L_C_DUCHA_DUOSHOWE_6800W220V.jpg"
1_ZARCAO_NATRIELLI_CINZA_1_4.jpg,"https://res.cloudinary.com/dbpq32fiq/image/upload/f_auto,q_auto/v1764168970/imagens_otimizadas_marketplace/1_ZARCAO_NATRIELLI_CINZA_1_4.jpg"
3_PORTA_CADEADO_ALIANCA_4.1_2_(114MM).jpg,"https://res.cloudinary.com/dbpq32fiq/image/upload/f_auto,q_auto/v1764168971/imagens_otimizadas_marketplace/3_PORTA_CADEADO_ALIANCA_4.1_2__114MM.jpg"
3_CADEADO_PAPAIZ_25.jpg,"https://res.cloudinary.com/dbpq32fiq/image/upload/f_auto,q_auto/v1764168972/imagens_otimizadas_marketplace/3_CADEADO_PAPAIZ_25.jpg"
"3_BROCA_IRWIN_WIDEA_PLUS_10,0X210.jpg","https://res.cloudinary.com/dbpq32fiq/image/upload/f_auto,q_auto/v1764168972/imagens_otimizadas_marketplace/3_BROCA_IRWIN_WIDEA_PLUS_10_0X210.jpg"
3_CHAVE_FIXA_TRAMONTINA_06_X_07.jpg,"https://res.cloudinary.com/dbpq32fiq/image/upload/f_auto,q_auto/v1764168974/imagens_otimizadas_marketplace/3_CHAVE_FIXA_TRAMONTINA_06_X_07.jpg"
1_TINTA_EUCATEX_ACR_PISO_A_1_4_BRANCO.jpg,"https://res.cloudinary.com/dbpq32fiq/image/upload/f_auto,q_auto/v1764168975/imagens_otimizadas_marketplace/1_TINTA_EUCATEX_ACR_PISO_A_1_4_BRANCO.jpg"
2_ADAP_C_FLANGE_PLASTILIT_E_1.1_2_MARROM.jpg,"https://res.cloudinary.com/dbpq32fiq/image/upload/f_auto,q_auto/v1764168977/imagens_otimizadas_marketplace/2_ADAP_C_FLANGE_PLASTILIT_E_1.1_2_MARROM.jpg"
2_ESP_MEC_TRONIC_PETRA_4X2_2MOD_DIST_82004.jpg,"https://res.cloudinary.com/dbpq32fiq/image/upload/f_auto,q_auto/v1764168978/imagens_otimizadas_marketplace/2_ESP_MEC_TRONIC_PETRA_4X2_2MOD_DIST_82004.jpg"
3_CINTO_SEGUR.PARAQUED.C_2PONTO_G_DELTA.jpg,"https://res.cloudinary.com/dbpq32fiq/image/upload/f_auto,q_auto/v1764168979/imagens_otimizadas_marketplace/3_CINTO_SEGUR.PARAQUED.C_2PONTO_G_DELTA.jpg"
3_PILHA_ALCALINA_ELGIN_BATERIA_12V_A23_C_5.jpg,"https://res.cloudinary.com/dbpq32fiq/image/upload/f_auto,q_auto/v1764168980/imagens_otimizadas_marketplace/3_PILHA_ALCALINA_ELGIN_BATERIA_12V_A23_C_5.jpg"
2_LIXA_NORTON_FERRO_120_C_25.jpg,"https://res.cloudinary.com/dbpq32fiq/image/upload/f_auto,q_auto/v1764168981/imagens_otimizadas_marketplace/2_LIXA_NORTON_FERRO_120_C_25.jpg"
"3_BROCA_IRWIN_ACO_RAPIDO___5,0MM.jpg","https://res.cloudinary.com/dbpq32fiq/image/upload/f_auto,q_auto/v1764168982/imagens_otimizadas_marketplace/3_BROCA_IRWIN_ACO_RAPIDO___5_0MM.jpg"
"3_BROCA_IRWIN_ACO_RAPIDO___3,0MM.jpg","https://res.cloudinary.com/dbpq32fiq/image/upload/f_auto,q_auto/v1764168983/imagens_otimizadas_marketplace/3_BROCA_IRWIN_ACO_RAPIDO___3_0MM.jpg"
1_MANG_TRANC.CRISTAL_CONJ.10MT_OLIPLAS.jpg,"https://res.cloudinary.com/dbpq32fiq/image/upload/f_auto,q_auto/v1764168984/imagens_otimizadas_marketplace/1_MANG_TRANC.CRISTAL_CONJ.10MT_OLIPLAS.jpg"
1_TUBO_LIGACAO_LUCONI_PVC_BR_AJUST_SANF.jpg,"https://res.cloudinary.com/dbpq32fiq/image/upload/f_auto,q_auto/v1764168985/imagens_otimizadas_marketplace/1_TUBO_LIGACAO_LUCONI_PVC_BR_AJUST_SANF.jpg"
1_DENVERLAJE_PRETO_-_18KG_ONU__NA.jpg,"https://res.cloudinary.com/dbpq32fiq/image/upload/f_auto,q_auto/v1764168987/imagens_otimizadas_marketplace/1_DENVERLAJE_PRETO_-_18KG_ONU__NA.jpg"
